Rk,Player,Pos,Age,Tm,G,GS,MP,FG,FGA,FG%,3P,3PA,3P%,2P,2PA,2P%,eFG%,FT,FTA,FT%,ORB,DRB,TRB,AST,STL,BLK,TOV,PF,PTS
1,Alex Abrines\abrinal01,SG,25,OKC,31,2,19,1.8,5.1,0.357,1.3,4.1,0.323,0.5,1,0.5,0.487,0.4,0.4,0.923,0.2,1.4,1.5,0.6,0.5,0.2,0.5,1.7,5.3
2,Quincy Acy\acyqu01,PF,28,PHO,10,0,12.3,0.4,1.8,0.222,0.2,1.5,0.133,0.2,0.3,0.667,0.278,0.7,1,0.7,0.3,2.2,2.5,0.8,0.1,0.4,0.4,2.4,1.7
3,Jaylen Adams\adamsja01,PG,22,ATL,34,1,12.6,1.1,3.2,0.345,0.7,2.2,0.338,0.4,1.1,0.361,0.459,0.2,0.3,0.778,0.3,1.4,1.8,1.9,0.4,0.1,0.8,1.3,3.2
4,Steven Adams\adamsst01,C,25,OKC,80,80,33.4,6,10.1,0.595,0,0,0,6,10.1,0.596,0.595,1.8,3.7,0.5,4.9,4.6,9.5,1.6,1.5,1,1.7,2.6,13.9
5,Bam Adebayo\adebaba01,C,21,MIA,82,28,23.3,3.4,5.9,0.576,0,0.2,0.2,3.4,5.7,0.588,0.579,2,2.8,0.735,2,5.3,7.3,2.2,0.9,0.8,1.5,2.5,8.9
6,Deng Adel\adelde01,SF,21,CLE,19,3,10.2,0.6,1.9,0.306,0.3,1.2,0.261,0.3,0.7,0.385,0.389,0.2,0.2,1,0.2,0.8,1,0.3,0.1,0.2,0.3,0.7,1.7
7,DeVaughn Akoon-Purcell\akoonde01,SG,25,DEN,7,0,3.1,0.4,1.4,0.3,0,0.6,0,0.4,0.9,0.5,0.3,0.1,0.3,0.5,0.1,0.4,0.6,0.9,0.3,0,0.3,0.6,1
8,LaMarcus Aldridge\aldrila01,C,33,SAS,81,81,33.2,8.4,16.3,0.519,0.1,0.5,0.238,8.3,15.8,0.528,0.522,4.3,5.1,0.847,3.1,6.1,9.2,2.4,0.5,1.3,1.8,2.2,21.3
9,Rawle Alkins\alkinra01,SG,21,CHI,10,1,12,1.3,3.9,0.333,0.3,1.2,0.25,1,2.7,0.37,0.372,0.8,1.2,0.667,1.1,1.5,2.6,1.3,0.1,0,0.8,0.7,3.7
10,Grayson Allen\allengr01,SG,23,UTA,38,2,10.9,1.8,4.7,0.376,0.8,2.6,0.323,0.9,2.1,0.443,0.466,1.2,1.6,0.75,0.1,0.5,0.6,0.7,0.2,0.2,0.9,1.2,5.6
11,Jarrett Allen\allenja01,C,20,BRK,80,80,26.2,4.2,7.1,0.59,0.1,0.6,0.133,4.1,6.5,0.629,0.595,2.5,3.5,0.709,2.4,6,8.4,1.4,0.5,1.5,1.3,2.3,10.9
12,Kadeem Allen\allenka01,SG,26,NYK,19,1,21.9,3.4,7.4,0.461,0.9,1.9,0.472,2.5,5.5,0.457,0.521,2.2,2.8,0.778,0.4,2.3,2.7,4,0.8,0.2,1.4,2.4,9.9
13,Al-Farouq Aminu\aminual01,PF,28,POR,81,81,28.3,3.2,7.3,0.433,1.2,3.5,0.343,2,3.9,0.514,0.514,1.9,2.1,0.867,1.4,6.1,7.5,1.3,0.8,0.4,0.9,1.8,9.4
14,Justin Anderson\anderju01,SF,25,ATL,48,4,9.6,1.3,3.3,0.408,0.5,1.6,0.312,0.8,1.7,0.5,0.484,0.5,0.7,0.743,0.5,1.3,1.8,0.5,0.5,0.3,0.5,1,3.7
15,Kyle Anderson\anderky01,SF,25,MEM,43,40,29.8,3.5,6.4,0.543,0.2,0.8,0.265,3.3,5.6,0.583,0.56,0.9,1.5,0.578,1.1,4.7,5.8,3,1.3,0.9,1.3,2.6,8
16,Ryan Anderson\anderry01,PF,30,TOT,50.0,16.0,12.88,0.83,2.78,0.29150000000000004,0.39,1.61,0.2409,0.49,1.17,0.3456,0.3641,0.48,0.61,0.7108,0.7,1.43,2.18,0.77,0.18,0.03,0.58,0.99,2.5
17,Ike Anigbogu\anigbik01,C,20,IND,3,0,2,0,1,0,0,0,0,0,1,0,0,0,0,0,0.3,0.7,1,0.3,0,0.3,0.3,0,0
18,Giannis Antetokounmpo\antetgi01,PF,24,MIL,72,72,32.8,10,17.3,0.578,0.7,2.8,0.256,9.3,14.5,0.641,0.599,6.9,9.5,0.729,2.2,10.3,12.5,5.9,1.3,1.5,3.7,3.2,27.7
19,Kostas Antetokounmpo\antetko01,PF,21,DAL,2,0,5.5,0,1.5,0,0,0,0,0,1.5,0,0,1,2,0.5,0,0.5,0.5,0,1,0,0.5,0,1
20,Carmelo Anthony\anthoca01,PF,34,HOU,10,2,29.4,4.9,12.1,0.405,2.1,6.4,0.328,2.8,5.7,0.491,0.492,1.5,2.2,0.682,0.9,4.5,5.4,0.5,0.4,0.7,0.8,3.2,13.4
21,OG Anunoby\anunoog01,SF,21,TOR,67,6,20.2,2.7,6,0.453,1,3,0.332,1.7,3,0.574,0.536,0.5,0.9,0.581,0.9,2.1,2.9,0.7,0.7,0.3,0.8,2.1,7
22,Ryan Arcidiacono\arcidry01,PG,24,CHI,81,32,24.2,2.3,5.2,0.447,1,2.7,0.373,1.3,2.5,0.527,0.544,1.1,1.3,0.873,0.3,2.4,2.7,3.3,0.8,0,0.8,2.1,6.7
23,Trevor Ariza\arizatr01,SF,33,TOT,138.0,138.0,34.03115942028985,4.267391304347826,10.665942028985507,0.39834782608695657,2.0934782608695657,6.298550724637681,0.3351594202898551,2.1739130434782608,4.398550724637682,0.48807971014492757,0.4975507246376812,1.8992753623188408,2.3927536231884052,0.7963043478260871,0.7123188405797101,4.694202898550724,5.406521739130435,3.6557971014492754,1.3065217391304347,0.3,1.531159420289855,1.8934782608695648,12.508695652173913
24,D.J. Augustin\augusdj01,PG,31,ORL,81,81,28,3.9,8.4,0.47,1.6,3.8,0.421,2.3,4.5,0.511,0.566,2.2,2.6,0.866,0.5,2,2.5,5.3,0.6,0,1.6,1.4,11.7
25,Deandre Ayton\aytonde01,C,20,PHO,71,70,30.7,7.2,12.3,0.585,0,0.1,0,7.2,12.2,0.588,0.585,2,2.7,0.746,3.1,7.1,10.3,1.8,0.9,0.9,1.8,2.9,16.3
26,Dwayne Bacon\bacondw01,SG,23,CHO,43,13,17.7,2.8,6,0.475,0.9,2,0.437,2,4,0.494,0.549,0.8,1.1,0.739,0.2,1.9,2.1,1.1,0.3,0.1,0.4,1.7,7.3
27,Marvin Bagley\baglema01,PF,19,SAC,62,4,25.3,5.7,11.4,0.504,0.5,1.5,0.313,5.3,9.8,0.534,0.525,2.9,4.2,0.691,2.6,5,7.6,1,0.5,1,1.6,1.9,14.9
28,Ron Baker\bakerro01,SG,25,TOT,30.0,0.0,10.113333333333333,0.2966666666666667,1.3333333333333333,0.19166666666666668,0.08666666666666667,0.8766666666666667,0.0792,0.21,0.47,0.3718,0.21553333333333333,0.3333333333333333,0.38333333333333336,0.7219333333333334,0.08666666666666667,0.6666666666666666,0.7033333333333334,1.0066666666666666,0.4233333333333333,0.09000000000000001,0.3266666666666667,1.2166666666666666,0.9266666666666666
29,Wade Baldwin\baldwwa01,PG,22,POR,16,0,5.9,0.6,2.1,0.303,0.1,0.6,0.222,0.5,1.5,0.333,0.333,0.5,0.7,0.727,0.1,0.8,0.9,0.8,0.1,0.1,0.9,0.7,1.9
30,Lonzo Ball\balllo01,PG,21,LAL,47,45,30.3,3.9,9.7,0.406,1.6,4.9,0.329,2.3,4.9,0.482,0.488,0.4,1,0.417,1.1,4.2,5.3,5.4,1.5,0.4,2.2,2.4,9.9
31,Mohamed Bamba\bambamo01,C,20,ORL,47,1,16.3,2.5,5.2,0.481,0.4,1.5,0.3,2,3.7,0.555,0.525,0.8,1.3,0.587,1.4,3.6,5,0.8,0.3,1.4,0.9,2.2,6.2
32,J.J. Barea\bareajo01,PG,34,DAL,38,0,19.8,4.2,10.1,0.418,1,3.4,0.297,3.2,6.8,0.479,0.468,1.4,2.1,0.705,0.3,2.2,2.5,5.6,0.6,0,1.9,1.3,10.9
33,Harrison Barnes\barneha02,PF-SF,26,TOT,154.0,154.0,32.89090909090909,5.586363636363636,13.313636363636364,0.4212727272727272,2.290909090909091,5.6909090909090905,0.39545454545454545,3.2954545454545454,7.604545454545454,0.4407727272727272,0.5057727272727273,3.0,3.5999999999999996,0.8224999999999999,0.7181818181818181,3.9363636363636365,4.6863636363636365,1.509090909090909,0.6318181818181818,0.18181818181818185,1.2954545454545454,1.581818181818182,16.431818181818183
34,Will Barton\bartowi01,SG,28,DEN,43,38,27.7,4.3,10.7,0.402,1.6,4.6,0.342,2.7,6.1,0.447,0.475,1.3,1.7,0.77,0.7,3.9,4.6,2.9,0.4,0.5,1.5,1.9,11.5
35,Keita Bates-Diop\bateske01,SF,23,MIN,30,3,16.8,2,4.7,0.423,0.4,1.7,0.25,1.6,3,0.522,0.468,0.6,0.9,0.643,0.5,2.2,2.8,0.6,0.6,0.5,0.5,1,5
36,Nicolas Batum\batumni01,SF,30,CHO,75,72,31.4,3.4,7.5,0.45,1.5,4,0.389,1.8,3.5,0.519,0.553,1,1.2,0.865,0.9,4.3,5.2,3.3,0.9,0.6,1.6,1.9,9.3
37,Jerryd Bayless\bayleje01,PG,30,MIN,34,6,19.3,2.4,6.8,0.357,0.9,2.9,0.296,1.6,3.9,0.402,0.42,0.5,0.8,0.571,0.3,1.5,1.8,3.5,0.5,0.1,0.9,1.6,6.1
38,Aron Baynes\baynear01,C,32,BOS,51,18,16.1,2.1,4.4,0.471,0.4,1.2,0.344,1.6,3.2,0.519,0.518,1,1.2,0.855,1.7,3,4.7,1.1,0.2,0.7,0.8,2.5,5.6
39,Kent Bazemore\bazemke01,SG,29,ATL,67,35,24.5,4.1,10.3,0.402,1.4,4.5,0.32,2.7,5.8,0.465,0.472,1.9,2.6,0.726,0.6,3.3,3.9,2.3,1.3,0.6,1.8,2.5,11.6
40,Bradley Beal\bealbr01,SG,25,WAS,82,82,36.9,9.3,19.6,0.475,2.5,7.3,0.351,6.8,12.4,0.548,0.54,4.4,5.5,0.808,1.1,3.9,5,5.5,1.5,0.7,2.7,2.8,25.6
41,Malik Beasley\beaslma01,SG,22,DEN,81,18,23.2,4.3,9.1,0.474,2,5,0.402,2.3,4.1,0.56,0.584,0.7,0.8,0.848,0.4,2,2.5,1.2,0.7,0.1,0.7,1.4,11.3
42,Michael Beasley\beaslmi01,PF,30,LAL,26,2,10.7,2.9,5.9,0.49,0.1,0.7,0.176,2.8,5.2,0.529,0.5,1.1,1.5,0.718,0.5,1.8,2.3,1,0.3,0.4,1,1.6,7
43,Marco Belinelli\belinma01,SG,32,SAS,79,1,23,3.6,8.7,0.413,1.9,5,0.372,1.7,3.7,0.468,0.52,1.4,1.6,0.903,0.2,2.3,2.5,1.7,0.4,0.1,0.9,1.5,10.5
44,Jordan Bell\belljo01,C,24,GSW,68,3,11.6,1.5,2.8,0.516,0,0,0,1.5,2.8,0.521,0.516,0.4,0.6,0.61,0.8,1.9,2.7,1.1,0.3,0.8,0.6,1.2,3.3
45,DeAndre' Bembry\bembrde01,SG,24,ATL,82,15,23.5,3.4,7.5,0.446,0.6,2.1,0.289,2.7,5.4,0.508,0.487,1.1,1.7,0.64,0.7,3.7,4.4,2.5,1.3,0.5,1.7,2.3,8.4
46,Dragan Bender\bendedr01,PF,21,PHO,46,27,18,1.9,4.3,0.447,0.5,2.2,0.218,1.4,2.1,0.688,0.503,0.7,1.2,0.593,0.7,3.2,4,1.2,0.4,0.5,0.8,2,5
47,Dairis Bertans\bertada02,SG,29,NOP,12,0,13.9,1,3.9,0.255,0.8,2.8,0.294,0.2,1.1,0.154,0.362,0,0,0,0.2,0.6,0.8,0.8,0.1,0,0.2,0.6,2.8
48,Davis Bertans\bertada01,PF,26,SAS,76,12,21.5,2.7,6,0.45,1.9,4.4,0.429,0.8,1.5,0.513,0.61,0.7,0.8,0.883,0.3,3.2,3.5,1.3,0.5,0.4,0.6,1.8,8
49,Patrick Beverley\beverpa01,PG,30,LAC,78,49,27.4,2.5,6.1,0.407,1.4,3.6,0.397,1.1,2.5,0.421,0.524,1.2,1.6,0.78,1,4,5,3.8,0.9,0.6,1.1,3.4,7.6
50,Khem Birch\birchkh01,C,26,ORL,50,1,12.9,1.8,3,0.603,0,0,0,1.8,3,0.607,0.603,1.2,1.7,0.699,1.6,2.2,3.8,0.8,0.4,0.6,0.4,1.4,4.8
51,Bismack Biyombo\biyombi01,C,26,CHO,54,32,14.5,1.6,2.9,0.571,0,0,0,1.6,2.9,0.571,0.571,1.1,1.7,0.637,1.5,3.1,4.6,0.6,0.2,0.8,0.6,1.9,4.4
52,Nemanja Bjelica\bjeline01,PF,30,SAC,77,70,23.2,3.7,7.7,0.479,1.3,3.3,0.401,2.4,4.4,0.539,0.566,0.9,1.2,0.761,1.6,4.1,5.8,1.9,0.7,0.7,1.1,2.6,9.6
53,Antonio Blakeney\blakean01,SG,22,CHI,57,3,14.5,2.9,6.9,0.419,0.6,1.6,0.396,2.3,5.4,0.426,0.465,0.9,1.3,0.658,0.1,1.7,1.9,0.7,0.2,0.2,0.6,0.7,7.3
54,Eric Bledsoe\bledser01,PG,29,MIL,78,78,29.1,6,12.4,0.484,1.6,4.8,0.329,4.4,7.6,0.582,0.548,2.3,3,0.75,1.1,3.6,4.6,5.5,1.5,0.4,2.1,2,15.9
55,Jaron Blossomgame\blossja01,SF,25,CLE,27,4,16.3,1.7,3.9,0.443,0.4,1.4,0.256,1.4,2.5,0.552,0.491,0.4,0.5,0.769,1,2.7,3.6,0.5,0.3,0.3,0.4,0.7,4.2
56,Bogdan Bogdanovic\bogdabo01,SG,26,SAC,70,17,27.8,5.2,12.3,0.418,1.9,5.3,0.36,3.2,7,0.462,0.496,1.9,2.3,0.827,0.6,2.9,3.5,3.8,1,0.2,1.7,2,14.1
57,Bojan Bogdanovic\bogdabo02,SF,29,IND,81,81,31.8,6.4,13,0.497,2,4.8,0.425,4.4,8.2,0.538,0.575,3,3.8,0.807,0.4,3.7,4.1,2,0.9,0,1.7,1.7,18
58,Andrew Bogut\bogutan01,C,34,GSW,11,5,12.2,1.6,3.3,0.5,0,0,0,1.6,3.3,0.5,0.5,0.3,0.3,1,1.1,3.9,5,1,0.3,0.7,0.7,2,3.5
59,Jonah Bolden\boldejo01,PF,23,PHI,44,10,14.5,1.8,3.7,0.494,0.8,2.2,0.354,1,1.5,0.697,0.599,0.3,0.6,0.481,1.1,2.7,3.8,0.9,0.4,0.9,0.8,2.3,4.7
60,Isaac Bonga\bongais01,PG,19,LAL,22,0,5.5,0.2,1.5,0.152,0,0.4,0,0.2,1.1,0.2,0.152,0.4,0.7,0.6,0.4,0.7,1.1,0.7,0.4,0.2,0.3,0.4,0.9
61,Devin Booker\bookede01,SG,22,PHO,64,64,35,9.2,19.6,0.467,2.1,6.5,0.326,7,13.1,0.536,0.521,6.1,7.1,0.866,0.6,3.5,4.1,6.8,0.9,0.2,4.1,3.1,26.6
62,Chris Boucher\bouchch01,PF,26,TOR,28,0,5.8,1.2,2.7,0.447,0.4,1.3,0.324,0.8,1.4,0.564,0.526,0.5,0.5,0.867,0.6,1.4,2,0.1,0.2,0.9,0.3,1.1,3.3
63,Avery Bradley\bradlav01,SG,28,TOT,126.0,126.0,30.238888888888887,3.922222222222222,9.683333333333332,0.40438888888888885,1.3888888888888888,3.888888888888889,0.34922222222222227,2.583333333333334,5.794444444444443,0.44138888888888883,0.47494444444444445,0.6833333333333332,0.7944444444444445,0.8433333333333333,0.6888888888888889,2.1166666666666667,2.7944444444444443,2.4222222222222225,0.6944444444444444,0.2666666666666666,1.3888888888888888,2.666666666666667,9.927777777777779
64,Tony Bradley\bradlto01,C,21,UTA,3,0,12,2.7,5.3,0.5,0,0,0,2.7,5.3,0.5,0.5,0.3,0.7,0.5,3,2,5,0.3,0.7,0.7,1,2,5.7
65,Corey Brewer\breweco01,SF,32,TOT,62.0,6.0,15.898387096774194,1.7193548387096773,3.990322580645161,0.43420967741935484,0.47258064516129034,1.429032258064516,0.3201935483870968,1.2967741935483872,2.5112903225806456,0.5010483870967742,0.49366129032258066,0.9951612903225807,1.417741935483871,0.7223709677419354,0.8161290322580645,1.5951612903225807,2.488709677419355,1.2725806451612904,1.0016129032258065,0.21129032258064517,0.6177419354838709,2.0338709677419358,4.895161290322581
66,Mikal Bridges\bridgmi01,SF,22,PHO,82,56,29.5,3,6.9,0.43,1.3,3.8,0.335,1.7,3,0.548,0.523,1.2,1.4,0.805,0.7,2.5,3.2,2.1,1.6,0.5,0.9,2.5,8.3
67,Miles Bridges\bridgmi02,SF,20,CHO,80,25,21.2,3,6.4,0.464,0.8,2.5,0.325,2.2,3.9,0.553,0.527,0.7,1,0.753,0.8,3.2,4,1.2,0.7,0.6,0.6,1.4,7.5
68,Isaiah Briscoe\briscis01,PG,22,ORL,39,0,14.3,1.4,3.5,0.399,0.3,0.9,0.324,1.1,2.7,0.423,0.438,0.4,0.7,0.577,0.1,1.8,1.9,2.2,0.3,0.1,0.8,1.7,3.5
69,Ryan Broekhoff\broekry01,SG,28,DAL,42,0,10.8,1.4,3,0.452,0.9,2.2,0.409,0.5,0.8,0.576,0.603,0.4,0.5,0.789,0.2,1.3,1.5,0.5,0.1,0.1,0.4,0.8,4
70,Malcolm Brogdon\brogdma01,SG,26,MIL,64,64,28.6,5.9,11.7,0.505,1.6,3.8,0.426,4.3,7.9,0.544,0.575,2.2,2.4,0.928,1,3.5,4.5,3.2,0.7,0.2,1.4,1.6,15.6
71,Dillon Brooks\brookdi01,SF,23,MEM,18,0,18.3,2.7,6.8,0.402,0.8,2.2,0.375,1.9,4.6,0.415,0.463,1.2,1.7,0.733,0.5,1.2,1.7,0.9,0.6,0.2,1.1,2.8,7.5
72,MarShon Brooks\brookma01,SG,30,MEM,29,0,13.3,2.6,5.8,0.45,0.5,1.9,0.278,2.1,4,0.53,0.494,0.8,1.1,0.697,0.4,1.1,1.6,0.9,0.3,0.1,0.7,1.1,6.6
73,Bruce Brown\brownbr01,SG,22,DET,74,56,19.6,1.7,4.2,0.398,0.3,1.3,0.258,1.4,3,0.457,0.436,0.6,0.8,0.75,0.6,1.9,2.5,1.2,0.5,0.5,0.6,2.4,4.3
74,Jaylen Brown\brownja02,SG,22,BOS,74,25,25.9,5,10.7,0.465,1.3,3.7,0.344,3.7,7,0.529,0.525,1.8,2.7,0.658,0.9,3.4,4.2,1.4,0.9,0.4,1.3,2.5,13
75,Lorenzo Brown\brownlo01,PG,28,TOR,26,0,8.2,0.9,2.7,0.324,0.2,1.1,0.214,0.7,1.7,0.395,0.366,0.1,0.1,1,0.2,1,1.2,1.1,0.5,0.2,0.6,0.8,2.1
76,Sterling Brown\brownst02,SG,23,MIL,58,7,17.8,2.5,5.4,0.465,0.9,2.5,0.361,1.6,2.8,0.558,0.55,0.5,0.7,0.69,0.5,2.7,3.2,1.4,0.4,0.1,0.8,1.5,6.4
77,Troy Brown\browntr01,SF,19,WAS,52,10,14,1.9,4.5,0.415,0.4,1.3,0.319,1.4,3.2,0.455,0.462,0.6,0.9,0.681,0.7,2.1,2.8,1.5,0.4,0.1,0.6,1.1,4.8
78,Jalen Brunson\brunsja01,PG,22,DAL,73,38,21.8,3.6,7.7,0.467,0.9,2.5,0.348,2.8,5.3,0.523,0.523,1.2,1.6,0.725,0.3,2,2.3,3.2,0.5,0.1,1.2,1.7,9.3
79,Thomas Bryant\bryanth01,C,21,WAS,72,53,20.8,4.3,7,0.616,0.5,1.4,0.333,3.8,5.6,0.685,0.648,1.5,1.9,0.781,1.6,4.7,6.3,1.3,0.3,0.9,0.8,1.8,10.5
80,Reggie Bullock\bullore01,SG,27,TOT,126.0,120.0,29.81746031746032,3.879365079365079,9.413492063492065,0.41234920634920635,2.329365079365079,6.223809523809524,0.3757142857142857,1.5,3.1746031746031744,0.4841587301587302,0.5366349206349208,1.1896825396825397,1.3396825396825398,0.8571984126984126,0.33968253968253964,2.38015873015873,2.71984126984127,2.0388888888888888,0.5952380952380951,0.19523809523809524,1.0095238095238095,1.71984126984127,11.27777777777778
81,Trey Burke\burketr01,PG,26,TOT,116.0,16.0,19.39568965517241,4.084482758620688,9.410344827586208,0.43277586206896557,0.971551724137931,2.7146551724137935,0.35200862068965516,3.112931034482759,6.695689655172414,0.4691896551724138,0.4850948275862069,1.785344827586207,2.1353448275862066,0.8311551724137931,0.5,1.213793103448276,1.7137931034482756,2.706896551724138,0.5784482758620689,0.12844827586206897,0.828448275862069,1.0,10.89741379310345
82,Alec Burks\burksal01,SG,27,TOT,128.0,48.0,21.493750000000002,3.0054687500000004,7.3984375,0.409171875,0.96484375,2.6125000000000003,0.3313125,2.02734375,4.79609375,0.44678124999999996,0.46799999999999997,1.79375,2.203125,0.822125,0.49609375,3.2,3.69609375,2.0109375,0.6,0.31953125,1.021875,1.4015624999999998,8.76953125
83,Deonte Burton\burtode02,SG,25,OKC,32,0,7.5,1,2.6,0.402,0.3,0.8,0.296,0.8,1.7,0.455,0.451,0.3,0.4,0.667,0.1,0.8,0.9,0.3,0.2,0.3,0.3,1,2.6
84,Jimmy Butler\butleji01,SF-SG,29,TOT,130.0,130.0,33.62307692307692,6.434615384615385,13.911538461538461,0.46226923076923077,1.0115384615384615,2.9884615384615385,0.34557692307692306,5.380769230769231,10.923076923076923,0.49388461538461537,0.4988846153846154,4.8,5.596153846153846,0.8552692307692308,1.876923076923077,3.4153846153846152,5.292307692307692,4.023076923076923,1.896153846153846,0.5884615384615385,1.4923076923076923,1.7076923076923076,18.68846153846154
85,Bruno Caboclo\cabocbr01,SF,23,MEM,34,19,23.5,2.8,6.6,0.427,1.4,3.8,0.369,1.4,2.8,0.505,0.533,1.2,1.5,0.84,1.2,3.4,4.6,1.5,0.4,1,1.1,2.4,8.3
86,Jose Calderon\caldejo01,PG,37,DET,49,0,12.9,0.9,2.4,0.375,0.3,1.2,0.246,0.6,1.3,0.492,0.433,0.2,0.2,0.818,0.2,1,1.2,2.3,0.3,0.1,0.7,1.3,2.3
87,Kentavious Caldwell-Pope\caldwke01,SG,25,LAL,82,23,24.8,4,9.2,0.43,1.8,5.3,0.347,2.1,3.9,0.542,0.53,1.7,1.9,0.867,0.6,2.3,2.9,1.3,0.9,0.2,0.8,1.7,11.4
88,Isaiah Canaan\canaais01,PG,27,TOT,60.0,32.0,20.998333333333335,2.1250000000000004,5.4816666666666665,0.3865,1.1116666666666668,3.2049999999999996,0.3564833333333334,1.0133333333333332,2.283333333333333,0.41156666666666664,0.49446666666666667,0.6233333333333334,0.8183333333333335,0.7501666666666668,0.21499999999999997,1.7133333333333334,1.921666666666667,2.813333333333333,0.47500000000000003,0.08166666666666668,1.1783333333333335,1.7133333333333334,6.0233333333333325
89,Clint Capela\capelca01,C,24,HOU,67,67,33.6,7.1,10.9,0.648,0,0,0,7.1,10.9,0.648,0.648,2.5,3.9,0.636,4.4,8.2,12.7,1.4,0.7,1.5,1.4,2.5,16.6
90,DeMarre Carroll\carrode01,PF,32,BRK,67,8,25.4,3.4,8.6,0.395,1.6,4.6,0.342,1.8,4,0.457,0.487,2.7,3.6,0.76,1,4.2,5.2,1.3,0.5,0.1,1.1,1.7,11.1
91,Jevon Carter\carteje01,PG,23,MEM,39,3,14.8,1.4,4.7,0.303,0.9,2.6,0.333,0.6,2.1,0.265,0.395,0.7,0.8,0.813,0.4,1.3,1.7,1.8,0.7,0.3,0.8,1.4,4.4
92,Vince Carter\cartevi01,SF,42,ATL,76,9,17.5,2.6,6.2,0.419,1.6,4.2,0.389,1,2,0.48,0.55,0.6,0.9,0.712,0.4,2.1,2.6,1.1,0.6,0.4,0.6,1.9,7.4
93,Wendell Carter\cartewe01,C,19,CHI,44,44,25.2,4.1,8.4,0.485,0.1,0.7,0.188,4,7.7,0.513,0.493,2,2.5,0.795,2,5,7,1.8,0.6,1.3,1.5,3.5,10.3
94,Michael Carter-Williams\cartemi01,PG,27,TOT,56.0,2.0,13.299999999999999,1.6428571428571428,4.4,0.37678571428571433,0.3785714285714286,1.3857142857142857,0.2705000000000001,1.2857142857142858,3.0142857142857147,0.4243571428571428,0.4187142857142857,1.1428571428571428,1.9,0.5927857142857142,0.6857142857142857,1.7999999999999996,2.5071428571428567,2.5,0.7142857142857143,0.5357142857142857,0.6928571428571428,1.7214285714285715,4.785714285714286
95,Alex Caruso\carusal01,PG,24,LAL,25,4,21.2,3.1,6.9,0.445,1,2,0.48,2.1,4.9,0.431,0.514,2,2.6,0.797,0.8,1.9,2.7,3.1,1,0.4,1.7,2.2,9.2
96,Omri Casspi\casspom01,SF,30,MEM,36,0,14.4,2.4,4.5,0.534,0.4,1.2,0.349,2,3.3,0.602,0.581,1.1,1.6,0.672,0.5,2.7,3.2,0.7,0.6,0.3,0.6,1,6.3
97,Willie Cauley-Stein\caulewi01,C,25,SAC,81,81,27.3,5.1,9.1,0.556,0,0,0.5,5.1,9.1,0.556,0.557,1.7,3.1,0.551,2.2,6.1,8.4,2.4,1.2,0.6,1,2.8,11.9
98,Troy Caupain\caupatr01,PG,23,ORL,4,0,4,1,2,0.5,0.5,0.8,0.667,0.5,1.3,0.4,0.625,0,0,0,0.3,0.5,0.8,1,0.3,0,0,0,2.5
99,Tyler Cavanaugh\cavanty01,PF,24,UTA,11,0,3.5,0.3,0.9,0.3,0.1,0.5,0.2,0.2,0.5,0.4,0.35,0.2,0.2,1,0.3,0.5,0.7,0.1,0,0,0.1,0.3,0.8
100,Tyson Chandler\chandty01,C,36,TOT,110.0,12.0,15.914545454545454,1.1,1.7936363636363637,0.6161909090909091,0.0,0.0,0.0,1.1,1.7936363636363637,0.6222454545454545,0.6161909090909091,0.9318181818181818,1.5763636363636362,0.5875818181818182,1.6990909090909092,3.9009090909090904,5.6,0.6690909090909091,0.3936363636363637,0.42454545454545456,0.769090909090909,2.02,3.1381818181818186
101,Wilson Chandler\chandwi01,PF-SF,31,TOT,102.0,66.0,23.08823529411765,2.202941176470588,5.394117647058824,0.4154705882352941,1.1911764705882353,3.1117647058823525,0.3719411764705883,1.111764705882353,2.282352941176471,0.4742058823529412,0.5232058823529412,0.38529411764705884,0.5,0.7198235294117645,0.9176470588235294,3.276470588235294,4.214705882352941,1.608823529411765,0.4911764705882352,0.4058823529411765,0.9117647058823529,2.3970588235294117,5.997058823529412
102,Joe Chealey\chealjo01,PG,23,CHO,1,0,8,1,3,0.333,0,0,0,1,3,0.333,0.333,0,0,0,0,0,0,1,0,0,0,1,2
103,Chris Chiozza\chiozch01,PG,23,HOU,7,0,4.7,0.3,1.1,0.25,0.3,0.7,0.4,0,0.4,0,0.375,0,0,0,0.1,0.4,0.6,0.6,0.1,0.1,0.1,0.3,0.9
104,Marquese Chriss\chrisma01,PF,21,TOT,86.0,4.0,11.593023255813954,1.58953488372093,4.186046511627907,0.3668372093023256,0.4069767441860465,1.6767441860465115,0.2060348837209302,1.1825581395348836,2.5093023255813955,0.47859302325581393,0.40795348837209305,0.7383720930232558,1.0139534883720929,0.7296860465116279,0.9011627906976745,2.383720930232558,3.3034883720930237,0.5127906976744185,0.4069767441860465,0.3,0.8313953488372093,1.9081395348837211,4.224418604651163
105,Gary Clark\clarkga01,PF,24,HOU,51,2,12.6,1,3,0.331,0.8,2.7,0.297,0.2,0.3,0.692,0.467,0.1,0.1,1,0.5,1.8,2.3,0.4,0.4,0.5,0.1,0.9,2.9
106,Ian Clark\clarkia01,SG,27,NOP,60,6,16.2,2.5,6.4,0.394,1.1,3.4,0.327,1.4,3,0.47,0.48,0.6,0.6,0.892,0.2,1.3,1.5,1.6,0.4,0.1,1,1.6,6.7
107,Jordan Clarkson\clarkjo01,SG,26,CLE,81,0,27.3,6.5,14.6,0.448,1.8,5.5,0.324,4.8,9.1,0.524,0.509,2,2.4,0.844,1,2.3,3.3,2.4,0.7,0.2,1.7,1.4,16.8
108,John Collins\collijo01,PF,21,ATL,61,59,30,7.6,13.6,0.56,0.9,2.6,0.348,6.7,11,0.609,0.593,3.3,4.4,0.763,3.6,6.2,9.8,2,0.4,0.6,2,3.3,19.5
109,Zach Collins\colliza01,C,21,POR,77,0,17.6,2.5,5.2,0.473,0.5,1.6,0.331,1.9,3.6,0.534,0.523,1.2,1.6,0.746,1.4,2.8,4.2,0.9,0.3,0.9,1,2.3,6.6
110,Darren Collison\collida01,PG,31,IND,76,76,28.2,4.1,8.7,0.467,1,2.6,0.407,3,6.1,0.492,0.527,2.1,2.5,0.832,0.5,2.6,3.1,6,1.4,0.1,1.6,1.8,11.2
111,Bonzie Colson\colsobo01,SF,23,MIL,8,2,12.3,1.6,4.9,0.333,0.6,2.6,0.238,1,2.3,0.444,0.397,1,1.1,0.889,1,2.8,3.8,0.4,0.6,0.1,0.4,0.4,4.9
112,Mike Conley\conlemi01,PG,31,MEM,70,70,33.5,7,16,0.438,2.2,6.1,0.364,4.8,9.9,0.483,0.507,4.9,5.8,0.845,0.6,2.8,3.4,6.4,1.3,0.3,1.9,1.8,21.1
113,Pat Connaughton\connapa01,SG,26,MIL,61,2,20.7,2.7,5.7,0.466,1.1,3.3,0.33,1.6,2.5,0.647,0.56,0.5,0.7,0.725,1,3.2,4.2,2,0.5,0.4,0.5,1.3,6.9
114,Quinn Cook\cookqu01,PG,25,GSW,74,10,14.3,2.8,5.9,0.465,1.1,2.7,0.405,1.7,3.2,0.515,0.557,0.3,0.4,0.769,0.3,1.8,2.1,1.6,0.3,0,0.7,1.2,6.9
115,DeMarcus Cousins\couside01,C,28,GSW,30,30,25.7,5.9,12.4,0.48,0.9,3.2,0.274,5.1,9.2,0.551,0.515,3.5,4.8,0.736,1.4,6.8,8.2,3.6,1.3,1.5,2.4,3.6,16.3
116,Robert Covington\covinro01,SF,28,TOT,70.0,70.0,34.38285714285715,4.464285714285714,10.31,0.43088571428571426,2.412857142857143,6.401428571428572,0.37834285714285715,2.0014285714285713,3.908571428571429,0.5171714285714285,0.5485428571428572,1.9142857142857144,2.527142857142857,0.7621857142857144,0.8071428571428572,4.712857142857143,5.507142857142857,1.3257142857142856,2.107142857142857,1.33,1.3114285714285714,3.612857142857143,13.305714285714286
117,Allen Crabbe\crabbal01,SG,26,BRK,43,20,26.3,3.2,8.7,0.367,2.3,6,0.378,0.9,2.7,0.342,0.499,1,1.3,0.732,0.4,3.1,3.4,1.1,0.5,0.3,1.1,2.4,9.6
118,Torrey Craig\craigto01,SF,28,DEN,75,37,20,2.1,4.8,0.442,0.8,2.5,0.324,1.3,2.3,0.569,0.526,0.7,0.9,0.7,1.2,2.3,3.5,1,0.5,0.6,0.6,2.3,5.7
119,Jamal Crawford\crawfja01,SG,38,PHO,64,0,18.9,2.7,6.8,0.397,1,3.2,0.332,1.7,3.7,0.453,0.474,1.5,1.7,0.845,0.1,1.2,1.3,3.6,0.5,0.2,1.5,1.2,7.9
120,Mitch Creek\creekmi01,SF,26,TOT,10.0,0.0,9.6,1.6199999999999999,3.2,0.5,0.0,0.42000000000000004,0.0,1.6199999999999999,2.8199999999999994,0.5679000000000001,0.5,1.02,1.42,0.6426000000000001,1.22,1.22,2.4,1.22,0.42000000000000004,0.0,0.2,0.62,4.220000000000001
121,Jae Crowder\crowdja01,SF,28,UTA,80,11,27.1,4,10,0.399,2.2,6.5,0.331,1.8,3.4,0.527,0.508,1.8,2.5,0.721,0.8,4.1,4.8,1.7,0.8,0.4,1.1,2.1,11.9
122,Dante Cunningham\cunnida01,PF,31,SAS,64,21,14.5,1.2,2.5,0.475,0.5,1,0.462,0.7,1.5,0.484,0.57,0.2,0.3,0.778,0.8,2.2,2.9,0.8,0.4,0.2,0.3,1.1,3
123,Seth Curry\curryse01,SG,28,POR,74,2,18.9,2.9,6.3,0.456,1.5,3.4,0.45,1.3,2.9,0.463,0.577,0.6,0.7,0.846,0.4,1.3,1.6,0.9,0.5,0.2,0.8,1.3,7.9
124,Stephen Curry\curryst01,PG,30,GSW,69,69,33.8,9.2,19.4,0.472,5.1,11.7,0.437,4,7.7,0.525,0.604,3.8,4.2,0.916,0.7,4.7,5.3,5.2,1.3,0.4,2.8,2.4,27.3
125,Troy Daniels\danietr01,SG,27,PHO,51,1,14.9,2.2,5.4,0.411,1.5,3.8,0.381,0.8,1.6,0.481,0.545,0.4,0.5,0.783,0.3,1.2,1.4,0.5,0.5,0.1,0.5,1.5,6.2
126,Anthony Davis\davisan02,C,25,NOP,56,56,33,9.5,18.3,0.517,0.9,2.6,0.331,8.6,15.7,0.547,0.54,6.1,7.7,0.794,3.1,8.9,12,3.9,1.6,2.4,2,2.4,25.9
127,Deyonta Davis\davisde01,C,22,ATL,9,0,13.1,1.7,2.4,0.682,0,0.1,0,1.7,2.3,0.714,0.682,0.7,1.1,0.6,1.1,2.9,4,0.6,0.3,0.6,0.3,1.3,4
128,Ed Davis\davised01,C,29,BRK,81,1,17.9,2.3,3.7,0.616,0,0,0,2.3,3.7,0.62,0.616,1.2,2,0.617,2.7,5.9,8.6,0.8,0.4,0.4,0.8,2.8,5.8
129,Tyler Davis\davisty01,C,21,OKC,1,0,1,0,1,0,0,0,0,0,1,0,0,0,0,0,1,0,1,0,0,0,0,0,0
130,Dewayne Dedmon\dedmode01,C,29,ATL,64,52,25.1,4,8.2,0.492,1.3,3.4,0.382,2.8,4.8,0.57,0.571,1.4,1.8,0.814,1.6,5.9,7.5,1.4,1.1,1.1,1.3,3.3,10.8
131,Sam Dekker\dekkesa01,PF,24,TOT,94.0,10.0,16.789361702127664,2.5808510638297877,5.430851063829787,0.4687553191489362,0.41914893617021276,1.3095744680851062,0.3054787234042553,2.1212765957446806,4.12127659574468,0.5204787234042553,0.5059787234042553,0.5882978723404255,0.9691489361702127,0.6058617021276596,1.1308510638297873,2.026595744680851,3.117021276595745,1.0,0.7978723404255319,0.13085106382978723,0.5095744680851063,0.9978723404255321,6.119148936170212
132,Angel Delgado\delgaan01,C,24,LAC,2,0,7.5,0.5,2.5,0.2,0,0,0,0.5,2.5,0.2,0.2,0.5,1,0.5,1,1,2,0,0.5,0,0,1,1.5
133,Matthew Dellavedova\dellama01,PG,28,TOT,96.0,0.0,16.924999999999997,2.0375,5.0249999999999995,0.3968749999999999,0.9,2.7000000000000006,0.3405,1.0999999999999999,2.3249999999999997,0.45974999999999994,0.488875,0.9,1.0750000000000002,0.8260000000000001,0.125,1.4874999999999998,1.6125,3.775,0.2874999999999999,0.0375,1.4124999999999999,1.575,5.900000000000001
134,Luol Deng\denglu01,SF,33,MIN,22,2,17.8,2.7,5.4,0.5,0.6,2,0.318,2,3.4,0.608,0.559,1.1,1.6,0.714,0.9,2.4,3.3,0.8,0.7,0.4,0.6,1.1,7.1
135,DeMar DeRozan\derozde01,SG,29,SAS,77,77,34.9,8.2,17.1,0.481,0.1,0.6,0.156,8.1,16.5,0.492,0.483,4.8,5.7,0.83,0.7,5.3,6,6.2,1.1,0.5,2.6,2.3,21.2
136,Marcus Derrickson\derrima01,PF,22,GSW,11,0,6.1,1.5,3,0.485,0.9,1.8,0.5,0.5,1.2,0.462,0.636,0.4,0.5,0.8,0.7,0.5,1.2,0.1,0,0.1,0.3,0.8,4.2
137,Cheick Diallo\diallch01,PF,22,NOP,64,1,14,2.6,4.2,0.62,0,0.1,0.25,2.6,4.2,0.625,0.622,0.8,1,0.746,1.2,4,5.2,0.5,0.5,0.5,0.8,1.8,6
138,Hamidou Diallo\diallha01,SG,20,OKC,51,3,10.3,1.5,3.2,0.455,0.1,0.5,0.167,1.4,2.8,0.504,0.467,0.7,1.2,0.61,0.7,1.2,1.9,0.3,0.4,0.2,0.5,1.5,3.7
139,Gorgui Dieng\dienggo01,C,29,MIN,76,2,13.6,2.5,5,0.501,0.3,0.7,0.339,2.2,4.2,0.53,0.527,1.2,1.4,0.83,1.1,3,4.1,0.9,0.6,0.5,0.8,1.8,6.4
140,Spencer Dinwiddie\dinwisp01,PG,25,BRK,68,4,28.1,5.4,12.2,0.442,1.8,5.4,0.335,3.6,6.7,0.528,0.517,4.2,5.2,0.806,0.4,2.1,2.4,4.6,0.6,0.3,2.2,2.8,16.8
141,Donte DiVincenzo\divindo01,SG,22,MIL,27,0,15.2,1.9,4.6,0.403,0.8,3.1,0.265,1,1.5,0.683,0.492,0.3,0.4,0.75,0.6,1.8,2.4,1.1,0.5,0.2,0.7,1.4,4.9
142,Luka Doncic\doncilu01,SG,19,DAL,72,72,32.2,7,16.5,0.427,2.3,7.1,0.327,4.7,9.3,0.503,0.497,4.8,6.7,0.713,1.2,6.6,7.8,6,1.1,0.3,3.4,1.9,21.2
143,Tyler Dorsey\dorsety01,SG,22,TOT,96.0,22.0,14.525,2.225,5.493750000000001,0.39759374999999997,0.9125,2.75625,0.3185625,1.3125000000000002,2.7874999999999996,0.471625,0.4765625,0.7875000000000001,1.3031249999999999,0.6220625000000001,0.5812499999999999,1.8125,2.3718749999999997,1.184375,0.3,0.0,0.5874999999999999,1.096875,6.171875
144,Damyean Dotson\dotsoda01,SG,24,NYK,73,40,27.5,4,9.6,0.415,1.7,4.7,0.368,2.2,4.9,0.461,0.506,1,1.3,0.745,0.5,3.1,3.6,1.8,0.8,0.1,1,1.8,10.7
145,PJ Dozier\doziepj01,SG,22,BOS,6,0,8.5,1.3,3.5,0.381,0.3,1.3,0.25,1,2.2,0.462,0.429,0.2,0.3,0.5,1,1.8,2.8,0.8,0.3,0,0,0.3,3.2
146,Goran Dragic\dragigo01,PG,32,MIA,36,22,27.5,5,12,0.413,1.6,4.6,0.348,3.4,7.5,0.454,0.479,2.2,2.8,0.782,0.6,2.5,3.1,4.8,0.8,0.1,2,2.3,13.7
147,Andre Drummond\drumman01,C,25,DET,79,79,33.5,7.1,13.3,0.533,0.1,0.5,0.132,7,12.8,0.548,0.536,3.1,5.2,0.59,5.4,10.2,15.6,1.4,1.7,1.7,2.2,3.4,17.3
148,Jared Dudley\dudleja01,PF,33,BRK,59,25,20.7,1.7,4.1,0.423,0.9,2.6,0.351,0.8,1.5,0.545,0.533,0.5,0.8,0.696,0.6,2.1,2.6,1.4,0.6,0.3,0.7,2.2,4.9
149,Kris Dunn\dunnkr01,PG,24,CHI,46,44,30.2,4.7,11,0.425,0.7,2.1,0.354,3.9,8.9,0.441,0.458,1.2,1.5,0.797,0.4,3.7,4.1,6,1.5,0.5,2.3,3.6,11.3
150,Kevin Durant\duranke01,PF,30,GSW,78,78,34.6,9.2,17.7,0.521,1.8,5,0.353,7.5,12.8,0.587,0.571,5.7,6.5,0.885,0.4,5.9,6.4,5.9,0.7,1.1,2.9,2,26
151,Trevon Duval\duvaltr01,PG,20,MIL,3,0,2,0.7,1,0.667,0.3,0.3,1,0.3,0.7,0.5,0.833,0,0,0,0,0.3,0.3,0.7,0,0,0,0,1.7
152,Vince Edwards\edwarvi01,SF,22,HOU,2,0,8,0.5,2,0.25,0.5,2,0.25,0,0,0,0.375,0,0,0,0.5,0.5,1,0,0,0,0,0,1.5
153,Henry Ellenson\ellenhe01,PF,22,TOT,38.0,0.0,13.631578947368421,2.0947368421052635,5.0,0.41086842105263155,0.905263157894737,2.0,0.4471052631578948,1.1894736842105265,3.0,0.3858947368421053,0.5,1.0,1.3289473684210527,0.7632368421052632,0.28421052631578947,3.2236842105263164,3.5078947368421054,0.8289473684210528,0.3789473684210527,0.09473684210526317,0.47368421052631576,1.4236842105263157,6.0
154,Wayne Ellington\ellinwa01,SG,31,TOT,106.0,76.0,24.484905660377358,3.493396226415094,8.633962264150943,0.4011509433962265,2.608490566037736,7.022641509433962,0.37082075471698117,0.8849056603773586,1.6113207547169812,0.5284811320754718,0.5525660377358491,0.7292452830188679,0.9084905660377359,0.8045943396226416,0.27641509433962264,1.7792452830188679,2.0028301886792454,1.3792452830188677,1.0264150943396229,0.10000000000000002,0.779245283018868,1.7292452830188678,10.300943396226415
155,Joel Embiid\embiijo01,C,24,PHI,64,64,33.7,9.1,18.7,0.484,1.2,4.1,0.3,7.8,14.6,0.535,0.517,8.2,10.1,0.804,2.5,11.1,13.6,3.7,0.7,1.9,3.5,3.3,27.5
156,James Ennis\ennisja01,SF,28,TOT,116.0,54.0,21.193103448275863,2.3913793103448273,5.091379310344827,0.4681206896551724,0.9224137931034483,2.694827586206897,0.3505344827586207,1.4189655172413793,2.396551724137931,0.6036206896551723,0.5612241379310344,1.0189655172413794,1.4189655172413793,0.7156551724137931,1.0120689655172415,2.0965517241379312,3.1086206896551727,0.7155172413793104,0.7258620689655172,0.4,0.6,2.6068965517241383,6.724137931034483
157,Drew Eubanks\eubandr01,PF,21,SAS,23,0,4.9,0.7,1.1,0.577,0,0,0,0.7,1.1,0.577,0.577,0.5,0.6,0.846,0.3,1.2,1.5,0.3,0.1,0.2,0.3,0.5,1.8
158,Jacob Evans\evansja02,SG,21,GSW,30,1,6.8,0.6,1.8,0.34,0.1,0.5,0.267,0.5,1.3,0.368,0.377,0,0,0,0.2,0.6,0.8,0.8,0.2,0.1,0.4,0.9,1.3
159,Jawun Evans\evansja01,PG,22,TOT,16.0,0.0,8.09375,0.375,1.79375,0.20806249999999998,0.0,0.39375000000000004,0.0,0.375,1.4,0.25593750000000004,0.20806249999999998,0.0,0.0,0.0,0.09375,1.4,1.49375,1.2625,0.375,0.0,0.79375,0.98125,0.79375
160,Tyreke Evans\evansty01,SG,29,IND,69,18,20.3,3.7,9.6,0.389,1.1,3.1,0.356,2.6,6.4,0.405,0.448,1.7,2.3,0.719,0.5,2.4,2.9,2.4,0.8,0.3,1.7,1.7,10.2
161,Dante Exum\exumda01,PG,23,UTA,42,1,15.8,2.4,5.7,0.419,0.4,1.5,0.29,2,4.3,0.464,0.456,1.6,2,0.791,0.4,1.2,1.6,2.6,0.3,0.1,1.2,1.6,6.9
162,Kenneth Faried\farieke01,C,29,TOT,74.0,26.0,19.68243243243243,4.197297297297298,7.174324324324326,0.5892972972972973,0.2175675675675676,0.6851351351351351,0.3106756756756757,4.013513513513513,6.489189189189189,0.6201621621621622,0.6041486486486486,1.722972972972973,2.675675675675676,0.6442837837837839,2.6256756756756756,4.128378378378378,6.77027027027027,0.518918918918919,0.4851351351351351,0.6189189189189189,0.9027027027027028,2.2270270270270274,10.385135135135135
163,Derrick Favors\favorde01,C,27,UTA,76,70,23.2,4.8,8.1,0.586,0.2,1,0.218,4.6,7.1,0.64,0.6,2,3,0.675,2.7,4.6,7.4,1.2,0.7,1.4,1.1,2.1,11.8
164,Cristiano Felicio\feliccr01,C,26,CHI,60,0,12.4,1.6,3,0.531,0,0.1,0,1.6,2.9,0.543,0.531,0.8,1.2,0.685,1.3,2.3,3.6,0.6,0.2,0.1,0.6,1.2,4
165,Raymond Felton\feltora01,PG,34,OKC,33,0,11.5,1.7,4.1,0.407,0.6,1.8,0.328,1.1,2.2,0.473,0.481,0.4,0.4,0.923,0.1,0.9,1,1.6,0.3,0.2,0.4,0.9,4.3
166,Terrance Ferguson\fergute01,SG,20,OKC,74,74,26.1,2.5,5.8,0.429,1.4,3.9,0.366,1.1,1.9,0.56,0.552,0.5,0.7,0.725,0.4,1.5,1.9,1,0.5,0.2,0.6,3.1,6.9
167,Yogi Ferrell\ferreyo01,PG,25,SAC,71,3,15,2.2,5,0.435,0.8,2.1,0.362,1.4,2.9,0.488,0.511,0.8,0.9,0.896,0.2,1.4,1.5,1.9,0.5,0.1,0.6,0.9,5.9
168,Dorian Finney-Smith\finnedo01,SF,25,DAL,81,26,24.5,2.8,6.5,0.432,1,3.1,0.311,1.8,3.4,0.544,0.507,0.9,1.3,0.709,1.7,3.1,4.8,1.2,0.9,0.4,0.9,2.3,7.5
169,Bryn Forbes\forbebr01,SG,25,SAS,82,81,28,4.4,9.6,0.456,2.1,5,0.426,2.3,4.6,0.489,0.568,0.8,1,0.885,0.2,2.7,2.9,2.1,0.5,0,1,1.9,11.8
170,Evan Fournier\fournev01,SG,26,ORL,81,81,31.5,5.8,13.2,0.438,1.9,5.6,0.34,3.9,7.6,0.509,0.509,1.7,2.1,0.806,0.5,2.7,3.2,3.6,0.9,0.1,1.9,2.8,15.1
171,De'Aaron Fox\foxde01,PG,21,SAC,81,81,31.4,6.2,13.6,0.458,1.1,2.9,0.371,5.2,10.7,0.482,0.497,3.7,5.1,0.727,0.5,3.2,3.8,7.3,1.6,0.6,2.8,2.5,17.3
172,Melvin Frazier\frazime01,SG,22,ORL,10,0,4.4,0.7,2.1,0.333,0,0.6,0,0.7,1.5,0.467,0.333,0.1,0.4,0.25,0.3,0.2,0.5,0.1,0.1,0,0.1,0.6,1.5
173,Tim Frazier\fraziti01,PG,28,TOT,118.0,38.0,18.977118644067794,1.990677966101695,4.392372881355932,0.4447542372881356,0.6203389830508473,1.6906779661016949,0.36521186440677966,1.3203389830508476,2.7016949152542376,0.4965508474576272,0.515864406779661,0.7101694915254236,0.9203389830508475,0.7605508474576271,0.7101694915254236,2.159322033898305,2.8194915254237287,4.208474576271187,0.48983050847457626,0.1,1.3,1.9093220338983052,5.282203389830509
174,Jimmer Fredette\fredeji01,SG,29,PHO,6,0,10.8,1.3,4.8,0.276,0,2.2,0,1.3,2.7,0.5,0.276,1,1,1,0.2,1,1.2,1.3,0.5,0,0.8,0.8,3.7
175,Channing Frye\fryech01,C,35,CLE,36,6,9.5,1.2,3.3,0.368,0.9,2.2,0.405,0.3,1.1,0.289,0.504,0.3,0.4,0.786,0.1,1.3,1.4,0.6,0.2,0.1,0.4,1.2,3.6
176,Markelle Fultz\fultzma01,SG,20,PHI,19,15,22.5,3.4,8.2,0.419,0.2,0.7,0.286,3.2,7.4,0.433,0.432,1.1,1.9,0.568,1.4,2.3,3.7,3.1,0.9,0.3,1.3,2.7,8.2
177,Danilo Gallinari\gallida01,SF,30,LAC,68,68,30.3,6,13,0.463,2.4,5.5,0.433,3.6,7.5,0.484,0.554,5.4,6,0.904,0.8,5.3,6.1,2.6,0.7,0.3,1.5,1.9,19.8
178,Langston Galloway\gallola01,SG,27,DET,80,4,21.8,2.9,7.3,0.388,1.7,4.8,0.355,1.2,2.6,0.449,0.503,1,1.2,0.844,0.6,1.5,2.1,1.1,0.5,0.1,0.3,1.7,8.4
179,Billy Garrett\garrebi01,SG,24,NYK,4,0,15.8,2.8,6.8,0.407,0,2,0,2.8,4.8,0.579,0.407,1,1,1,0,0.8,0.8,1.8,0.3,0.3,0.5,0.8,6.5
180,Marc Gasol\gasolma01,C,34,TOT,158.0,144.0,30.801898734177215,4.905063291139241,11.012025316455697,0.44945569620253173,1.2677215189873416,3.4879746835443037,0.369626582278481,3.7037974683544306,7.574050632911392,0.4862025316455696,0.5066075949367088,2.4196202531645565,3.20379746835443,0.7596392405063291,1.0170886075949368,6.90379746835443,7.920886075949367,4.418354430379747,1.0670886075949368,1.1006329113924052,1.9683544303797469,2.7335443037974683,13.563924050632911
181,Pau Gasol\gasolpa01,C,38,TOT,60.0,12.0,11.99,1.3900000000000001,3.135,0.44155000000000005,0.20500000000000002,0.43,0.47264999999999996,1.1849999999999998,2.705,0.4299,0.4743,0.9149999999999999,1.315,0.6949500000000001,0.7100000000000001,3.8200000000000003,4.579999999999999,1.7399999999999998,0.19,0.49,0.51,0.965,3.9050000000000002
182,Rudy Gay\gayru01,PF,32,SAS,69,51,26.7,5.4,10.8,0.504,1.1,2.7,0.402,4.4,8.1,0.537,0.554,1.7,2.1,0.816,0.9,5.9,6.8,2.6,0.8,0.5,1.7,2.3,13.7
183,Paul George\georgpa01,SF,28,OKC,77,77,36.9,9.2,21,0.438,3.8,9.8,0.386,5.4,11.1,0.484,0.529,5.9,7,0.839,1.4,6.8,8.2,4.1,2.2,0.4,2.7,2.8,28
184,Taj Gibson\gibsota01,PF,33,MIN,70,57,24.1,4.3,7.7,0.566,0.2,0.5,0.324,4.2,7.2,0.583,0.576,1.9,2.5,0.757,2.5,4.1,6.5,1.2,0.8,0.6,1,2.7,10.8
185,Harry Giles\gilesha01,PF,20,SAC,58,0,14.1,3,6,0.503,0,0.1,0,3,5.9,0.512,0.503,1,1.6,0.637,1.1,2.7,3.8,1.5,0.5,0.4,1.3,2.6,7
186,Shai Gilgeous-Alexander\gilgesh01,PG,20,LAC,82,73,26.5,4.2,8.7,0.476,0.6,1.7,0.367,3.5,7,0.503,0.512,1.9,2.4,0.8,0.7,2.1,2.8,3.3,1.2,0.5,1.7,2.1,10.8
187,Rudy Gobert\goberru01,C,26,UTA,81,80,31.8,5.9,8.8,0.669,0,0,0,5.9,8.8,0.669,0.669,4.1,6.4,0.636,3.8,9,12.9,2,0.8,2.3,1.6,2.9,15.9
188,Brandon Goodwin\goodwbr01,PG,23,DEN,16,0,3.6,0.4,1.4,0.261,0.1,0.4,0.333,0.3,1.1,0.235,0.304,0.6,0.7,0.818,0.1,0.1,0.2,0.9,0,0,0.2,0.4,1.4
189,Aaron Gordon\gordoaa01,PF,23,ORL,78,78,33.8,6,13.4,0.449,1.6,4.4,0.349,4.5,9,0.499,0.507,2.4,3.2,0.731,1.7,5.7,7.4,3.7,0.7,0.7,2.1,2.2,16
190,Eric Gordon\gordoer01,SG,30,HOU,68,53,31.7,5.6,13.8,0.409,3.2,8.8,0.36,2.5,5,0.497,0.525,1.8,2.2,0.783,0.3,1.9,2.2,1.9,0.6,0.4,1.3,2.1,16.2
191,Marcin Gortat\gortama01,C,34,LAC,47,43,16,2.1,4,0.532,0,0,0,2.1,4,0.532,0.532,0.7,1,0.729,1.4,4.1,5.6,1.4,0.1,0.5,1.1,2,5
192,Devonte' Graham\grahade01,PG,23,CHO,46,3,14.7,1.6,4.7,0.343,0.7,2.6,0.281,0.9,2.1,0.421,0.421,0.8,1,0.761,0.2,1.2,1.4,2.6,0.5,0,0.7,1,4.7
193,Treveon Graham\grahatr01,SG,25,BRK,35,21,20.4,1.8,5.5,0.335,1.1,3.7,0.297,0.7,1.8,0.413,0.435,0.5,0.6,0.818,0.7,2.4,3.1,1,0.4,0.2,0.5,1.9,5.3
194,Jerami Grant\grantje01,PF,24,OKC,80,77,32.7,5.1,10.3,0.497,1.4,3.7,0.392,3.7,6.6,0.555,0.567,2,2.8,0.71,1.2,4,5.2,1,0.8,1.3,0.8,2.7,13.6
195,Jerian Grant\grantje02,PG,26,ORL,60,1,15.7,1.5,3.7,0.418,0.7,1.8,0.364,0.9,1.8,0.473,0.509,0.4,0.7,0.65,0.3,1.3,1.6,2.6,0.7,0.1,0.9,1.3,4.2
196,Donte Grantham\grantdo01,SF,23,OKC,3,0,0.7,0,0.7,0,0,0.7,0,0,0,0,0,0,0,0,0,0,0,0,0,0,0,0,0
197,Danny Green\greenda02,SG,31,TOR,80,80,27.7,3.7,7.9,0.465,2.5,5.4,0.455,1.2,2.4,0.487,0.622,0.5,0.6,0.841,0.8,3.2,4,1.6,0.9,0.7,0.9,2.1,10.3
198,Draymond Green\greendr01,PF,28,GSW,66,66,31.3,2.8,6.4,0.445,0.7,2.5,0.285,2.1,3.9,0.549,0.501,1,1.4,0.692,0.9,6.4,7.3,6.9,1.4,1.1,2.6,3,7.4
199,Gerald Green\greenge01,SG,33,HOU,73,0,20.2,3.2,7.9,0.4,2.1,6,0.354,1,1.9,0.547,0.535,0.8,0.9,0.838,0.4,2.1,2.5,0.5,0.5,0.4,0.8,1.7,9.2
200,JaMychal Green\greenja01,PF,28,TOT,130.0,12.0,21.106923076923078,3.5261538461538464,7.302307692307692,0.48313076923076925,1.0923076923076922,2.6846153846153844,0.4026384615384615,2.4338461538461535,4.617692307692307,0.5311153846153847,0.5583307692307693,1.2023076923076923,1.596923076923077,0.7940615384615385,1.6076923076923078,4.697692307692308,6.273846153846154,0.7946153846153847,0.6946153846153847,0.49461538461538457,1.3392307692307694,2.9815384615384617,9.396923076923077
201,Jeff Green\greenje02,PF,32,WAS,77,44,27.2,4.2,8.9,0.475,1.4,4.2,0.347,2.8,4.8,0.586,0.555,2.4,2.7,0.888,0.7,3.3,4,1.8,0.6,0.5,1.3,2.1,12.3
202,Blake Griffin\griffbl01,PF,29,DET,75,75,35,8.3,17.9,0.462,2.5,7,0.362,5.7,10.9,0.525,0.532,5.5,7.3,0.753,1.3,6.2,7.5,5.4,0.7,0.4,3.4,2.7,24.5
203,Daniel Hamilton\hamilda02,SG,23,ATL,19,3,10.7,1.2,3.2,0.383,0.4,1.2,0.348,0.8,1.9,0.405,0.45,0.2,0.3,0.5,0.5,1.9,2.5,1.2,0.3,0.1,0.8,1,3
204,Dusty Hannahs\hannadu01,SG,25,MEM,2,0,13,1.5,6,0.25,0,2.5,0,1.5,3.5,0.429,0.25,1,1,1,0,0.5,0.5,2.5,0.5,0,0.5,0.5,4
205,Tim Hardaway\hardati02,SG,26,TOT,130.0,126.0,31.6323076923077,5.99153846153846,15.301538461538463,0.3928384615384616,2.4853846153846155,7.314615384615385,0.3397,3.5061538461538464,7.936923076923077,0.44352307692307685,0.4744230769230769,3.57,4.2407692307692315,0.8347846153846153,0.5207692307692307,2.885384615384615,3.4061538461538463,2.433076923076923,0.8061538461538462,0.10000000000000002,1.626923076923077,2.1769230769230767,18.07384615384615
206,James Harden\hardeja01,PG,29,HOU,78,78,36.8,10.8,24.5,0.442,4.8,13.2,0.368,6,11.3,0.528,0.541,9.7,11,0.879,0.8,5.8,6.6,7.5,2,0.7,5,3.1,36.1
207,Maurice Harkless\harklma01,SF,25,POR,60,53,23.6,3.2,6.5,0.487,0.6,2,0.275,2.6,4.5,0.582,0.53,0.8,1.2,0.671,1.3,3.2,4.5,1.2,1.1,0.9,0.8,2.7,7.7
208,Montrezl Harrell\harremo01,C,25,LAC,82,5,26.3,6.7,10.8,0.615,0,0.2,0.176,6.6,10.6,0.623,0.617,3.2,5,0.643,2.2,4.3,6.5,2,0.9,1.3,1.6,3.1,16.6
209,Devin Harris\harride01,PG,35,DAL,68,2,15.8,1.9,5.1,0.38,0.9,2.9,0.31,1,2.2,0.476,0.47,1.5,2,0.761,0.2,1.5,1.6,1.8,0.5,0.2,0.8,2,6.3
210,Gary Harris\harriga01,SG,24,DEN,57,48,28.8,4.7,11.2,0.424,1.4,4.2,0.339,3.3,6.9,0.476,0.488,2,2.5,0.799,0.7,2.1,2.8,2.2,1,0.3,1.2,2,12.9
211,Joe Harris\harrijo01,SG,27,BRK,76,76,30.2,4.9,9.8,0.5,2.4,5.1,0.474,2.5,4.8,0.528,0.622,1.4,1.8,0.827,0.7,3.1,3.8,2.4,0.5,0.2,1.6,2.4,13.7
212,Tobias Harris\harrito02,PF,26,TOT,164.0,164.0,34.71585365853658,7.468292682926829,15.284756097560978,0.48705487804878045,1.8841463414634143,4.7993902439024385,0.39771951219512197,5.534146341463415,10.518902439024389,0.5286280487804879,0.5489085365853659,3.2182926829268297,3.734756097560976,0.8655731707317074,0.8323170731707317,7.017682926829269,7.900000000000001,2.782926829268293,0.6006097560975608,0.46646341463414637,1.8341463414634147,2.216463414634146,20.00548780487805
213,Andrew Harrison\harrian01,PG,24,TOT,34.0,0.0,10.994117647058824,0.9205882352941176,3.1088235294117648,0.3004117647058823,0.29117647058823526,1.4911764705882353,0.1982352941176471,0.6294117647058823,1.6176470588235294,0.4200294117647059,0.3497352941176471,1.0058823529411764,1.0735294117647058,0.8543529411764705,0.37058823529411766,0.8117647058823529,1.1823529411764706,1.411764705882353,0.21764705882352942,0.10882352941176471,0.6970588235294117,2.005882352941176,3.1882352941176473
214,Shaquille Harrison\harrish01,PG,25,CHI,73,11,19.6,2.5,5.8,0.432,0.3,1.2,0.27,2.2,4.6,0.475,0.46,1.1,1.7,0.667,0.5,2.6,3,1.9,1.2,0.4,0.8,1.7,6.5
215,Josh Hart\hartjo01,SG,23,LAL,67,22,25.6,2.8,6.9,0.407,1.4,4.1,0.336,1.4,2.8,0.511,0.506,0.8,1.2,0.688,0.5,3.2,3.7,1.4,1,0.6,0.9,2.2,7.8
216,Isaiah Hartenstein\harteis01,PF,20,HOU,28,0,7.9,0.7,1.5,0.488,0.1,0.2,0.333,0.6,1.3,0.514,0.512,0.4,0.5,0.786,0.8,0.9,1.7,0.5,0.3,0.4,0.5,2,1.9
217,Udonis Haslem\hasleud01,C,38,MIA,10,1,7.4,1.1,3.3,0.333,0,1.2,0,1.1,2.1,0.524,0.333,0.3,0.4,0.75,0.3,2.4,2.7,0.2,0,0,0.3,0.9,2.5
218,Gordon Hayward\haywago01,PF,28,BOS,72,18,25.9,4.1,8.8,0.466,1.1,3.2,0.333,3,5.6,0.542,0.527,2.2,2.6,0.834,0.7,3.8,4.5,3.4,0.9,0.3,1.5,1.4,11.5
219,John Henson\hensojo01,C,28,MIL,14,0,13.4,2.2,4.8,0.463,0.8,2.2,0.355,1.4,2.6,0.556,0.545,0.4,0.7,0.6,1.1,3.9,5.1,1,0.5,0.8,0.9,1.1,5.6
220,Juan Hernangomez\hernaju01,PF,23,DEN,70,25,19.4,2,4.5,0.439,0.9,2.6,0.365,1,1.9,0.541,0.545,0.9,1.2,0.767,0.9,2.9,3.8,0.8,0.4,0.3,0.5,1.3,5.8
221,Willy Hernangomez\hernawi01,C,24,CHO,58,3,14,2.6,5.1,0.519,0.3,0.7,0.385,2.4,4.4,0.539,0.544,1.7,2.5,0.694,2,3.3,5.4,1,0.3,0.3,1,1.7,7.3
222,Mario Hezonja\hezonma01,SF,23,NYK,58,24,20.8,3.3,8,0.412,0.7,2.6,0.276,2.6,5.4,0.478,0.457,1.5,2,0.763,0.5,3.6,4.1,1.5,1,0.1,1.5,1.9,8.8
223,Isaiah Hicks\hicksis01,PF,24,NYK,3,0,10.7,1.3,2.7,0.5,0,0,0,1.3,2.7,0.5,0.5,1.3,1.7,0.8,0.7,1.7,2.3,0.7,0.3,1,0.3,1.7,4
224,Buddy Hield\hieldbu01,SG,26,SAC,82,82,31.9,7.6,16.6,0.458,3.4,7.9,0.427,4.2,8.6,0.487,0.56,2.1,2.4,0.886,1.3,3.7,5,2.5,0.7,0.4,1.8,2.5,20.7
225,Haywood Highsmith\highsha01,SF,22,PHI,5,0,8,0.8,2,0.4,0.2,1,0.2,0.6,1,0.6,0.45,0,0.4,0,0,1,1,0.4,0.2,0,0.2,0.2,1.8
226,Nene Hilario\hilarne01,C,36,HOU,42,2,13,1.4,2.8,0.517,0,0.1,0,1.4,2.7,0.531,0.517,0.7,1.1,0.66,0.8,2.1,2.9,0.6,0.4,0.4,0.3,2.1,3.6
227,George Hill\hillge01,PG,32,TOT,120.0,26.0,21.710833333333333,2.795,6.270833333333333,0.44931666666666664,0.7825000000000001,2.595833333333333,0.31693333333333334,2.0125,3.725,0.5489,0.5133833333333333,1.1716666666666669,1.4108333333333332,0.8232916666666665,0.6825,1.8133333333333332,2.495833333333333,2.2758333333333334,0.9,0.1,0.8866666666666667,1.6908333333333332,7.633333333333334
228,Solomon Hill\hillso01,SF,27,NOP,44,15,20,1.5,4,0.382,0.7,2.3,0.317,0.8,1.8,0.468,0.472,0.5,0.7,0.719,0.8,2.3,3,1.3,0.5,0.2,0.7,1.8,4.3
229,Aaron Holiday\holidaa01,PG,22,IND,50,0,12.9,2.1,5.2,0.401,0.9,2.5,0.339,1.2,2.7,0.459,0.483,0.8,1,0.82,0.1,1.2,1.3,1.7,0.4,0.3,0.8,1.4,5.9
230,Jrue Holiday\holidjr01,SG,28,NOP,67,67,35.9,8.2,17.3,0.472,1.8,5.4,0.325,6.4,11.9,0.539,0.523,3.1,4,0.768,1.1,3.9,5,7.7,1.6,0.8,3.1,2.2,21.2
231,Justin Holiday\holidju01,SG,29,TOT,164.0,154.0,31.793902439024393,3.6890243902439024,9.49390243902439,0.386109756097561,2.004878048780488,5.675609756097561,0.3465243902439024,1.6841463414634146,3.818292682926829,0.441719512195122,0.48941463414634145,1.1768292682926829,1.303658536585366,0.8959146341463415,0.5768292682926829,3.381707317073171,3.908536585365854,1.7853658536585364,1.4890243902439024,0.4195121951219513,1.2768292682926832,1.996341463414634,10.486585365853658
232,John Holland\hollajo02,SF,30,CLE,1,0,1,0,0,0,0,0,0,0,0,0,0,0,0,0,0,0,0,0,0,0,0,0,0
233,Rondae Hollis-Jefferson\holliro01,SF,24,BRK,59,21,20.9,3.4,8.3,0.411,0.2,0.8,0.184,3.2,7.4,0.436,0.42,2,3.1,0.645,1.4,3.8,5.3,1.6,0.7,0.5,1.2,1.8,8.9
234,Richaun Holmes\holmeri01,C,25,PHO,70,4,16.9,3.2,5.2,0.608,0,0,0,3.2,5.2,0.608,0.608,1.8,2.5,0.731,1.6,3.1,4.7,0.9,0.6,1.1,0.7,2.8,8.2
235,Rodney Hood\hoodro01,SG,26,TOT,144.0,98.0,26.287500000000005,4.0687500000000005,9.306249999999999,0.4356875,1.1812499999999997,3.29375,0.3558125,2.9062499999999996,6.012499999999999,0.48006250000000006,0.49862500000000004,1.8937499999999998,2.1624999999999996,0.8779375,0.33125,1.8187499999999999,2.1999999999999997,1.7687499999999998,0.7999999999999999,0.1875,0.78125,2.00625,11.2125
236,Al Horford\horfoal01,C,32,BOS,68,68,29,5.7,10.6,0.535,1.1,3,0.36,4.6,7.6,0.604,0.586,1.1,1.4,0.821,1.8,5,6.7,4.2,0.9,1.3,1.5,1.9,13.6
237,Danuel House\houseda01,SF,25,HOU,39,13,25.1,3,6.5,0.468,1.9,4.6,0.416,1.1,1.9,0.595,0.615,1.4,1.8,0.789,0.6,2.9,3.6,1,0.5,0.3,0.9,2.1,9.4
238,Dwight Howard\howardw01,C,33,WAS,9,9,25.6,4.8,7.7,0.623,0,0,0,4.8,7.7,0.623,0.623,3.2,5.3,0.604,2.7,6.6,9.2,0.4,0.8,0.4,1.8,3.8,12.8
239,Kevin Huerter\huertke01,SG,20,ATL,75,59,27.3,3.7,8.8,0.419,1.8,4.7,0.385,1.9,4.1,0.457,0.522,0.5,0.7,0.732,0.8,2.5,3.3,2.9,0.9,0.3,1.5,2.1,9.7
240,Isaac Humphries\humphis01,C,21,ATL,5,1,11.2,1.2,4.2,0.286,0.6,2.2,0.273,0.6,2,0.3,0.357,0,0,0,0.8,1.4,2.2,0,0.2,0,0,1.4,3
241,R.J. Hunter\hunterj01,SG,25,BOS,1,0,26,6,13,0.462,4,10,0.4,2,3,0.667,0.615,1,2,0.5,1,2,3,3,1,0,0,3,17
242,Chandler Hutchison\hutchch01,SF,22,CHI,44,14,20.3,2.2,4.8,0.459,0.3,1.1,0.28,1.9,3.6,0.516,0.493,0.5,0.9,0.605,0.7,3.5,4.2,0.8,0.5,0.1,0.6,1.3,5.2
243,Serge Ibaka\ibakase01,C,29,TOR,74,51,27.2,6.3,11.9,0.529,0.7,2.3,0.29,5.6,9.6,0.586,0.557,1.8,2.4,0.763,2.1,6,8.1,1.3,0.4,1.4,1.5,2.9,15
244,Andre Iguodala\iguodan01,SF,35,GSW,68,13,23.2,2.2,4.4,0.5,0.7,2.1,0.333,1.5,2.3,0.652,0.579,0.6,1,0.582,0.7,3,3.7,3.2,0.9,0.8,0.8,1.4,5.7
245,Ersan Ilyasova\ilyaser01,PF,31,MIL,67,7,18.4,2.5,5.7,0.438,0.9,2.4,0.363,1.6,3.3,0.493,0.514,0.9,1.1,0.824,1.4,3.1,4.5,0.8,0.5,0.3,0.7,2.6,6.8
246,Joe Ingles\inglejo01,PF,31,UTA,82,82,31.3,4.4,9.8,0.448,2.3,5.9,0.391,2.1,3.9,0.533,0.565,1.1,1.5,0.707,0.4,3.6,4,5.7,1.2,0.2,2.4,2.2,12.1
247,Andre Ingram\ingraan01,SG,33,LAL,4,0,3.8,0,1.5,0,0,0.8,0,0,0.8,0,0,0,0,0,0.3,0.3,0.5,0,0.3,0,0.3,0,0
248,Brandon Ingram\ingrabr01,SF,21,LAL,52,52,33.8,7,14,0.497,0.6,1.8,0.33,6.4,12.2,0.521,0.518,3.8,5.6,0.675,0.8,4.3,5.1,3,0.5,0.6,2.5,2.9,18.3
249,Kyrie Irving\irvinky01,PG,26,BOS,67,67,33,9,18.5,0.487,2.6,6.5,0.401,6.4,12,0.533,0.557,3.2,3.7,0.873,1.1,3.9,5,6.9,1.5,0.5,2.6,2.5,23.8
250,Jonathan Isaac\isaacjo01,PF,21,ORL,75,64,26.6,3.5,8.1,0.429,1.1,3.5,0.323,2.3,4.6,0.51,0.499,1.5,1.8,0.815,1.3,4.2,5.5,1.1,0.8,1.3,1,1.9,9.6
251,Wesley Iwundu\iwundwe01,SF,24,ORL,68,13,18.1,1.7,4,0.412,0.4,1.2,0.367,1.2,2.9,0.431,0.465,1.2,1.5,0.816,0.5,2.2,2.7,1.1,0.4,0.3,0.6,1.8,5
252,Demetrius Jackson\jacksde01,PG,24,PHI,6,0,6.5,1.3,2.5,0.533,0.3,1,0.333,1,1.5,0.667,0.6,0.7,0.7,1,0.3,0.2,0.5,0.8,0.3,0,0.2,0.7,3.7
253,Frank Jackson\jacksfr01,PG,20,NOP,61,16,19.2,3.2,7.3,0.434,0.9,2.8,0.314,2.3,4.6,0.507,0.493,0.9,1.2,0.74,0.4,1.8,2.2,1.1,0.4,0,0.8,1.5,8.1
254,Jaren Jackson\jacksja02,PF,19,MEM,58,56,26.1,5.1,10.2,0.506,0.9,2.4,0.359,4.3,7.7,0.553,0.549,2.6,3.4,0.766,1.3,3.4,4.7,1.1,0.9,1.4,1.7,3.8,13.8
255,Josh Jackson\jacksjo02,SG,21,PHO,79,29,25.2,4.4,10.6,0.413,0.9,2.8,0.324,3.5,7.8,0.445,0.456,1.8,2.7,0.671,0.8,3.6,4.4,2.3,0.9,0.7,2.2,2.6,11.5
256,Justin Jackson\jacksju01,SF,23,TOT,162.0,28.0,19.90246913580247,2.69320987654321,6.011111111111112,0.4462407407407407,1.1,3.032098765432099,0.3551543209876543,1.5932098765432101,2.9790123456790125,0.5395987654320987,0.5361296296296296,0.7820987654320988,1.0,0.7853148148148148,0.5358024691358024,2.0746913580246913,2.610493827160494,1.1962962962962964,0.3820987654320988,0.19629629629629627,0.36419753086419754,1.2141975308641977,7.218518518518519
257,Reggie Jackson\jacksre01,PG,28,DET,82,82,27.9,5.4,12.8,0.421,2.1,5.7,0.369,3.3,7,0.464,0.504,2.5,2.9,0.864,0.5,2.1,2.6,4.2,0.7,0.1,1.8,2.5,15.4
258,LeBron James\jamesle01,SF,34,LAL,55,55,35.2,10.1,19.9,0.51,2,5.9,0.339,8.1,14,0.582,0.56,5.1,7.6,0.665,1,7.4,8.5,8.3,1.3,0.6,3.6,1.7,27.4
259,Amile Jefferson\jeffeam01,PF,25,ORL,12,0,5.7,0.8,1.3,0.625,0,0,0,0.8,1.3,0.625,0.625,0.6,0.7,0.875,0.5,1.3,1.8,0.3,0.3,0.3,0.1,0.7,2.3
260,John Jenkins\jenkijo01,SG,27,TOT,52.0,0.0,12.803846153846154,1.6,4.026923076923077,0.4410769230769231,0.8192307692307692,2.1961538461538463,0.41746153846153844,0.7807692307692308,1.7884615384615385,0.3932307692307692,0.5730769230769232,0.5961538461538461,0.6884615384615385,0.7689230769230768,0.22692307692307695,1.2153846153846153,1.4000000000000001,0.8461538461538461,0.0,0.09230769230769233,0.31923076923076926,0.4115384615384615,4.665384615384616
261,Jonas Jerebko\jerebjo01,PF,31,GSW,73,6,16.7,2.2,4.9,0.459,0.9,2.6,0.367,1.3,2.3,0.563,0.556,0.9,1.1,0.8,1,3,3.9,1.3,0.4,0.2,0.6,1.9,6.3
262,Alize Johnson\johnsal02,PF,22,IND,14,0,4.6,0.3,1.1,0.25,0.1,0.1,0.5,0.2,1,0.214,0.281,0.3,0.6,0.5,0.3,1.1,1.4,0.1,0.1,0.2,0,0.5,0.9
263,Amir Johnson\johnsam01,C,31,PHI,51,6,10.4,1.5,3.1,0.503,0.2,0.8,0.3,1.3,2.3,0.573,0.541,0.6,0.8,0.756,0.9,2,2.9,1.2,0.3,0.3,0.9,1.9,3.9
264,B.J. Johnson\johnsbj01,SF,23,TOT,14.0,0.0,7.014285714285714,1.2785714285714285,2.6000000000000005,0.5,0.4142857142857143,1.0,0.42878571428571427,0.8642857142857144,1.5999999999999999,0.5582142857142858,0.5817857142857142,0.2785714285714286,0.2785714285714286,0.9285714285714286,0.2785714285714286,0.8785714285714287,1.1071428571428574,0.0,0.2785714285714286,0.0,0.2785714285714286,0.5857142857142856,3.2928571428571423
265,James Johnson\johnsja01,PF,31,MIA,55,33,21.2,3,6.9,0.433,0.9,2.7,0.336,2.1,4.2,0.496,0.499,0.9,1.3,0.714,0.4,2.8,3.2,2.5,0.6,0.5,1.3,2.1,7.8
266,Stanley Johnson\johnsst04,SF,22,TOT,132.0,14.0,18.290909090909093,2.6045454545454545,6.699999999999999,0.3900454545454546,0.9318181818181818,3.29090909090909,0.2907272727272727,1.6727272727272728,3.409090909090909,0.484090909090909,0.4597727272727273,0.7954545454545454,0.9954545454545455,0.7772272727272728,0.5,2.772727272727273,3.272727272727273,1.3409090909090908,0.9090909090909091,0.22272727272727275,1.190909090909091,1.7045454545454544,6.9
267,Tyler Johnson\johnsty01,PG,26,TOT,114.0,44.0,26.8,3.8043859649122806,9.207017543859648,0.4128859649122807,1.5771929824561404,4.565789473684211,0.34585087719298246,2.23859649122807,4.691228070175439,0.47893859649122805,0.49833333333333335,1.686842105263158,2.2140350877192985,0.7409122807017544,0.5912280701754387,2.407017543859649,3.036842105263158,2.893859649122807,0.9228070175438596,0.5,1.3657894736842104,1.6842105263157894,10.884210526315789
268,Wesley Johnson\johnswe01,SF,31,TOT,76.0,26.0,14.078947368421053,1.1710526315789473,3.3842105263157887,0.3516315789473684,0.6684210526315789,1.9973684210526317,0.33097368421052636,0.5026315789473684,1.4026315789473685,0.3816842105263158,0.448921052631579,0.31315789473684214,0.47894736842105273,0.6807105263157895,0.318421052631579,1.5868421052631578,1.905263157894737,0.6,0.40263157894736845,0.3157894736842105,0.5,1.6684210526315788,3.4078947368421053
269,Nikola Jokic\jokicni01,C,23,DEN,80,80,31.3,7.7,15.1,0.511,1,3.4,0.307,6.7,11.7,0.569,0.545,3.6,4.4,0.821,2.9,8,10.8,7.3,1.4,0.7,3.1,2.9,20.1
270,Damian Jones\jonesda03,C,23,GSW,24,22,17.1,2.2,3.1,0.716,0,0,0,2.2,3.1,0.716,0.716,1,1.5,0.649,1.3,1.8,3.1,1.2,0.5,1,0.7,2.6,5.4
271,Derrick Jones\jonesde02,SF,21,MIA,60,14,19.2,2.7,5.4,0.494,0.5,1.5,0.308,2.2,3.9,0.567,0.537,1.2,2,0.607,1.6,2.4,4,0.6,0.8,0.7,0.7,2.1,7
272,Jalen Jones\jonesja04,SF,25,CLE,16,0,13.4,1.6,3.9,0.419,0.6,1.8,0.357,1,2.1,0.471,0.5,1.2,1.7,0.704,0.7,1.4,2.1,0.4,0.6,0.1,0.5,1.7,5.1
273,Jemerrio Jones\jonesje01,SF,23,LAL,6,2,23.8,2,5.5,0.364,0.3,1.7,0.2,1.7,3.8,0.435,0.394,0.2,0.3,0.5,2.7,5.5,8.2,2.2,1.2,0.8,0.8,1.7,4.5
274,Terrence Jones\joneste01,PF,27,HOU,2,0,2.5,0.5,2,0.25,0,1,0,0.5,1,0.5,0.25,0,0.5,0,0,2,2,0,0,0,0.5,0.5,1
275,Tyus Jones\jonesty01,PG,22,MIN,68,23,22.9,2.7,6.6,0.415,0.6,1.9,0.317,2.1,4.7,0.453,0.46,0.9,1,0.841,0.3,1.6,2,4.8,1.2,0.1,0.7,1.1,6.9
276,DeAndre Jordan\jordade01,C,30,TOT,138.0,138.0,29.68405797101449,4.13623188405797,6.5,0.6411231884057971,0.0,0.0,0.0,4.13623188405797,6.5,0.6411231884057971,0.6411231884057971,2.7,3.8311594202898553,0.7060289855072464,3.2775362318840577,9.805797101449276,13.083333333333334,2.28768115942029,0.6224637681159421,1.1,2.2,2.4086956521739133,10.98623188405797
277,Cory Joseph\josepco01,PG,27,IND,82,9,25.2,2.8,6.7,0.412,0.7,2.1,0.322,2.1,4.6,0.454,0.463,0.4,0.5,0.698,0.5,2.9,3.4,3.9,1.1,0.3,1,1.6,6.5
278,Frank Kaminsky\kaminfr01,C,25,CHO,47,0,16.1,2.9,6.3,0.463,1.1,3,0.36,1.9,3.4,0.553,0.547,1.7,2.3,0.738,0.8,2.6,3.5,1.3,0.3,0.3,0.9,1.4,8.6
279,Enes Kanter\kanteen01,C,26,TOT,134.0,62.0,24.48358208955224,5.598507462686568,10.176865671641792,0.5495373134328358,0.13283582089552237,0.5,0.2943283582089552,5.415671641791044,9.676865671641792,0.5629104477611941,0.5568656716417911,2.315671641791045,2.9171641791044776,0.7869402985074626,3.815671641791045,6.008208955223881,9.823880597014924,1.7141791044776118,0.48432835820895526,0.4000000000000001,1.7828358208955224,2.501492537313433,13.695522388059702
280,Luke Kennard\kennalu01,SG,22,DET,63,10,22.8,3.6,8.3,0.438,1.7,4.3,0.394,1.9,4,0.486,0.54,0.8,1,0.836,0.2,2.7,2.9,1.8,0.4,0.2,0.9,1.5,9.7
281,Michael Kidd-Gilchrist\kiddgmi01,PF,25,CHO,64,3,18.4,2.5,5.2,0.476,0.3,0.7,0.34,2.2,4.5,0.498,0.5,1.5,1.9,0.772,1.4,2.5,3.8,1,0.5,0.6,0.7,2.4,6.7
282,George King\kingge03,SF,25,PHO,1,0,6,0,0,0,0,0,0,0,0,0,0,0,0,0,0,1,1,0,0,0,0,0,0
283,Maxi Kleber\klebima01,PF,27,DAL,71,18,21.2,2.5,5.4,0.453,1.1,3.1,0.353,1.4,2.4,0.583,0.553,0.8,1,0.784,1.3,3.4,4.6,1,0.5,1.1,0.8,2,6.8
284,Brandon Knight\knighbr03,PG,27,TOT,78.0,52.0,18.884615384615383,2.5307692307692307,6.684615384615386,0.36946153846153845,1.0615384615384618,3.3115384615384618,0.3114230769230769,1.4846153846153847,3.388461538461538,0.43811538461538463,0.4465384615384615,0.7153846153846154,0.9,0.7938846153846154,0.2692307692307692,1.276923076923077,1.5307692307692307,1.8192307692307692,0.523076923076923,0.08461538461538462,0.773076923076923,1.6076923076923078,6.8038461538461545
285,Kevin Knox\knoxke01,PF,19,NYK,75,57,28.8,4.5,12.2,0.37,1.7,4.9,0.343,2.8,7.3,0.387,0.438,2.2,3,0.717,0.8,3.7,4.5,1.1,0.6,0.3,1.5,2.3,12.8
286,Furkan Korkmaz\korkmfu01,SG,21,PHI,48,7,14.1,2,5.1,0.4,1,3,0.326,1.1,2.1,0.505,0.496,0.8,0.9,0.818,0.3,1.9,2.2,1.1,0.6,0,0.5,1.3,5.8
287,Luke Kornet\kornelu01,PF,23,NYK,46,18,17,2.3,6.2,0.378,1.5,4.2,0.363,0.8,2,0.411,0.502,0.8,1,0.826,0.6,2.3,2.9,1.2,0.6,0.9,0.5,0.9,7
288,Kyle Korver\korveky01,SG-PF,37,TOT,140.0,0.0,19.097142857142856,2.8971428571428572,6.8914285714285715,0.4180571428571428,1.9928571428571429,4.9714285714285715,0.3995285714285714,0.9042857142857142,1.9200000000000002,0.46640000000000004,0.5619142857142858,0.8885714285714286,1.0385714285714287,0.8221285714285714,0.12714285714285714,2.192857142857143,2.3200000000000003,1.1885714285714284,0.3771428571428571,0.18857142857142856,0.8342857142857143,1.5271428571428571,8.587142857142856
289,Kosta Koufos\koufoko01,C,29,SAC,42,1,12,1.7,3.6,0.477,0,0,0,1.7,3.6,0.477,0.477,0.2,0.6,0.417,1.2,3,4.2,0.9,0.4,0.4,0.6,1.6,3.7
290,Rodions Kurucs\kurucro01,SF,20,BRK,63,46,20.5,3.2,7.1,0.45,0.9,2.9,0.315,2.3,4.2,0.543,0.514,1.1,1.5,0.783,0.9,3,3.9,0.8,0.7,0.4,1.2,2.3,8.5
291,Kyle Kuzma\kuzmaky01,PF,23,LAL,70,68,33.1,7.1,15.5,0.456,1.8,6,0.303,5.3,9.5,0.553,0.515,2.7,3.6,0.752,0.9,4.6,5.5,2.5,0.6,0.4,1.9,2.4,18.7
292,Skal Labissiere\labissk01,PF,22,TOT,44.0,2.0,8.002272727272727,1.1818181818181819,2.2090909090909094,0.533340909090909,0.27954545454545454,0.5772727272727273,0.5430909090909091,0.9022727272727272,1.6318181818181818,0.5503863636363637,0.5944772727272727,0.4090909090909091,0.7795454545454544,0.5277954545454545,0.4113636363636364,1.5204545454545455,1.9613636363636366,0.5204545454545454,0.22045454545454543,0.27045454545454545,0.47954545454545455,1.306818181818182,3.022727272727273
293,Jeremy Lamb\lambje01,SG,26,CHO,79,55,28.5,5.5,12.4,0.44,1.5,4.2,0.348,4,8.2,0.487,0.499,2.9,3.3,0.888,0.8,4.7,5.5,2.2,1.1,0.4,1,1.8,15.3
294,Zach LaVine\lavinza01,SG,23,CHI,63,62,34.5,8.4,18,0.467,1.9,5.1,0.374,6.5,12.9,0.504,0.52,5,6,0.832,0.6,4,4.7,4.5,1,0.4,3.4,2.2,23.7
295,Jake Layman\laymaja01,SF,24,POR,71,33,18.7,3,6,0.509,0.8,2.5,0.326,2.2,3.4,0.646,0.579,0.7,1,0.704,0.8,2.3,3.1,0.7,0.4,0.4,0.6,1.6,7.6
296,T.J. Leaf\leaftj01,PF,21,IND,58,1,9,1.7,3.2,0.541,0.1,0.5,0.258,1.6,2.6,0.599,0.563,0.3,0.5,0.613,0.7,1.4,2.2,0.4,0.2,0.3,0.2,0.6,3.9
297,Courtney Lee\leeco01,SG,33,TOT,68.0,12.0,12.594117647058823,1.6029411764705883,3.7852941176470587,0.41055882352941175,0.48235294117647054,1.6117647058823528,0.2919705882352941,1.1029411764705885,2.205882352941177,0.4989411764705882,0.4725882352941177,0.40588235294117647,0.6088235294117647,0.6779705882352941,0.27058823529411763,1.323529411764706,1.5941176470588236,1.1029411764705885,0.6176470588235294,0.08529411764705884,0.4,0.9352941176470589,3.994117647058824
298,Damion Lee\leeda03,SG,26,GSW,32,0,11.7,1.8,4,0.441,0.8,2.1,0.397,0.9,1.8,0.492,0.547,0.6,0.7,0.864,0.3,1.8,2,0.4,0.4,0,0.3,0.9,4.9
299,Walt Lemon\lemonwa01,PG,26,CHI,6,3,27.8,6.3,14.5,0.437,0.3,0.8,0.4,6,13.7,0.439,0.448,1.3,1.8,0.727,0.7,3.8,4.5,5,1.8,0.2,1.7,2.3,14.3
300,Alex Len\lenal01,C,25,ATL,77,31,20.1,4.2,8.4,0.494,1,2.6,0.363,3.2,5.8,0.554,0.551,1.8,2.8,0.648,2.1,3.5,5.5,1.1,0.4,0.9,1.3,2.6,11.1
301,Kawhi Leonard\leonaka01,SF,27,TOR,60,60,34,9.3,18.8,0.496,1.9,5,0.371,7.5,13.8,0.542,0.546,6.1,7.1,0.854,1.3,6,7.3,3.3,1.8,0.4,2,1.5,26.6
302,Meyers Leonard\leoname01,C,26,POR,61,2,14.4,2.2,4,0.545,0.8,1.8,0.45,1.3,2.1,0.626,0.649,0.7,0.8,0.843,0.8,3,3.8,1.2,0.2,0.1,0.7,1.7,5.9
303,Jon Leuer\leuerjo01,PF,29,DET,41,1,9.8,1.6,2.8,0.584,0,0.3,0.091,1.6,2.5,0.637,0.588,0.6,0.8,0.742,0.7,1.7,2.4,0.3,0.3,0.1,0.6,1.5,3.8
304,Caris LeVert\leverca01,SF,24,BRK,40,25,26.6,5.2,12.1,0.429,1.2,3.9,0.312,4,8.2,0.483,0.478,2.1,3.1,0.691,0.9,2.9,3.8,3.9,1.1,0.4,1.7,1.9,13.7
305,Damian Lillard\lillada01,PG,28,POR,80,80,35.5,8.5,19.2,0.444,3,8,0.369,5.6,11.1,0.499,0.522,5.9,6.4,0.912,0.9,3.8,4.6,6.9,1.1,0.4,2.7,1.9,25.8
306,Jeremy Lin\linje01,PG,30,TOT,148.0,8.0,19.410135135135135,3.194594594594595,7.310135135135134,0.4387027027027028,0.7378378378378377,2.518918918918919,0.29283108108108113,2.4912162162162166,4.791216216216216,0.5158986486486488,0.48943918918918905,2.3979729729729726,2.816891891891892,0.8360608108108107,0.3,2.096621621621621,2.3966216216216214,3.097972972972973,0.6033783783783784,0.1810810810810811,1.6756756756756757,1.9310810810810812,9.575
307,Shaun Livingston\livinsh01,PG,33,GSW,64,0,15.1,1.7,3.3,0.519,0,0,0,1.7,3.3,0.524,0.519,0.6,0.8,0.784,0.7,1.2,1.8,1.8,0.5,0.4,0.6,1.2,4
308,Zach Lofton\loftoza01,SG,26,DET,1,0,4,0,1,0,0,1,0,0,0,0,0,0,0,0,0,0,0,0,1,0,1,0,0
309,Kevon Looney\looneke01,C,22,GSW,80,24,18.5,2.7,4.3,0.625,0,0.1,0.1,2.7,4.2,0.641,0.627,0.8,1.3,0.619,2.4,2.8,5.2,1.5,0.6,0.7,0.6,2.6,6.3
310,Brook Lopez\lopezbr01,C,30,MIL,81,81,28.7,4.4,9.7,0.452,2.3,6.3,0.365,2.1,3.4,0.613,0.571,1.4,1.6,0.842,0.4,4.5,4.9,1.2,0.6,2.2,1,2.3,12.5
311,Robin Lopez\lopezro01,C,30,CHI,74,36,21.7,4.1,7.2,0.568,0.1,0.4,0.226,4,6.8,0.589,0.575,1.2,1.7,0.724,1.9,2,3.9,1.2,0.1,1.1,1.3,1.7,9.5
312,Kevin Love\loveke01,PF,30,CLE,22,21,27.2,5,12.9,0.385,2.4,6.7,0.361,2.5,6.2,0.412,0.479,4.7,5.2,0.904,1.5,9.4,10.9,2.2,0.3,0.2,1.9,2.5,17
313,Kyle Lowry\lowryky01,PG,32,TOR,65,65,34,4.7,11.4,0.411,2.4,7,0.347,2.3,4.4,0.514,0.518,2.5,3,0.83,0.6,4.2,4.8,8.7,1.4,0.5,2.8,2.6,14.2
314,Jordan Loyd\loydjo01,PG,25,TOR,12,0,4.6,0.7,1.5,0.444,0.3,0.7,0.5,0.3,0.8,0.4,0.556,0.8,0.9,0.818,0.1,0.7,0.8,0.5,0,0,0.2,0.4,2.4
315,Kalin Lucas\lucaska01,PG,29,DET,1,0,6,0,1,0,0,1,0,0,0,0,0,2,2,1,0,3,3,1,0,0,0,1,2
316,Timothe Luwawu-Cabarrot\luwawti01,SF,23,TOT,100.0,14.0,13.390999999999998,1.6219999999999999,4.36,0.36568,0.7110000000000001,2.2880000000000003,0.29837,0.9109999999999999,2.022,0.44152,0.44516999999999995,0.6030000000000001,0.8109999999999999,0.74166,0.2,1.722,1.9220000000000002,0.524,0.387,0.158,0.4159999999999999,1.4769999999999999,4.629
317,Tyler Lydon\lydonty01,PF,22,DEN,25,0,3.8,0.4,0.7,0.5,0.2,0.4,0.4,0.2,0.3,0.625,0.611,0,0.1,0.333,0.3,0.4,0.7,0.2,0.1,0,0.2,0.4,0.9
318,Trey Lyles\lylestr01,PF,23,DEN,64,2,17.5,3.2,7.7,0.418,0.8,3.1,0.255,2.4,4.6,0.529,0.47,1.3,1.8,0.698,0.7,3.2,3.8,1.4,0.5,0.4,1.1,1.5,8.5
319,Scott Machado\machasc01,PG,28,LAL,4,0,4.8,1,1.5,0.667,0.3,0.3,1,0.8,1.3,0.6,0.75,0.3,0.3,1,0,0,0,0.8,0.3,0,0,0.5,2.5
320,Shelvin Mack\macksh01,PG,28,TOT,114.0,6.0,21.871929824561402,2.8622807017543854,7.0666666666666655,0.39949122807017545,0.818421052631579,2.2833333333333328,0.3439035087719298,2.0903508771929826,4.783333333333333,0.4253859649122807,0.45592105263157895,1.0105263157894737,1.4815789473684209,0.6932017543859649,0.2894736842105263,1.51140350877193,1.8008771929824563,3.1912280701754385,0.7894736842105263,0.09649122807017543,1.1929824561403508,1.475438596491228,7.503508771929825
321,Daryl Macon\maconda01,SG,23,DAL,8,0,11.3,1.3,3.4,0.37,0.6,1.4,0.455,0.6,2,0.313,0.463,0.5,0.9,0.571,0.3,1.3,1.5,0.9,0.1,0,0.8,1,3.6
322,J.P. Macura\macurjp01,SG,23,CHO,2,0,8.5,1.5,4.5,0.333,0,2,0,1.5,2.5,0.6,0.333,0,0,0,0,1.5,1.5,1,0,0,0,0,3
323,Ian Mahinmi\mahinia01,C,32,WAS,34,6,14.6,1.4,3.1,0.452,0.1,0.5,0.188,1.3,2.6,0.5,0.466,1.2,1.8,0.689,1.4,2.4,3.8,0.7,0.7,0.5,0.6,2.5,4.1
324,Thon Maker\makerth01,C-PF,21,TOT,128.0,10.0,15.194531249999999,1.7000000000000002,4.1812499999999995,0.4083203125,0.77265625,2.390625,0.32060937500000003,0.8999999999999999,1.790625,0.5258203124999999,0.499828125,0.8859374999999999,1.3132812500000002,0.6549765625,0.61796875,2.5132812500000004,3.1765625,0.690625,0.32265625,0.7859375000000001,0.51328125,1.62265625,5.03125
325,Boban Marjanovic\marjabo01,C,30,TOT,116.0,24.0,11.713793103448275,2.789655172413793,4.503448275862069,0.6144137931034483,0.08793103448275863,0.20689655172413793,0.2948275862068966,2.701724137931034,4.29655172413793,0.6234137931034482,0.6216379310344827,1.6982758620689655,2.2603448275862066,0.7461724137931034,1.5,3.089655172413793,4.570689655172414,0.9206896551724137,0.28103448275862064,0.5,1.0,1.5810344827586207,7.2844827586206895
326,Lauri Markkanen\markkla01,PF,21,CHI,52,51,32.3,6.6,15.3,0.43,2.3,6.4,0.361,4.3,8.9,0.479,0.506,3.3,3.8,0.872,1.4,7.6,9,1.4,0.7,0.6,1.6,2.3,18.7
327,Jarell Martin\martija01,PF,24,ORL,42,1,7.8,1,2.5,0.413,0.5,1.4,0.351,0.5,1.1,0.489,0.51,0.2,0.3,0.818,0.3,1.5,1.7,0.4,0.1,0.2,0.3,1.2,2.7
328,Frank Mason\masonfr01,PG,24,SAC,38,0,11.4,1.9,4.4,0.42,0.4,1.7,0.219,1.5,2.8,0.543,0.462,1,1.5,0.684,0.2,1,1.1,2.2,0.4,0.1,0.9,0.9,5.1
329,Yante Maten\matenya01,PF,22,MIA,2,0,6.5,0.5,2,0.25,0,0.5,0,0.5,1.5,0.333,0.25,0,0,0,0.5,1,1.5,0,0.5,0,0,0,1
330,Wesley Matthews\matthwe02,SF-SG,32,TOT,138.0,136.0,30.29275362318841,4.015217391304348,10.115942028985506,0.3993913043478261,2.197826086956522,5.835507246376812,0.3715579710144927,1.867391304347826,4.297101449275362,0.4359420289855072,0.5064420289855073,1.9166666666666667,2.3833333333333337,0.8111304347826086,0.5,2.003623188405797,2.4717391304347824,2.319565217391304,0.8123188405797102,0.23623188405797102,1.2956521739130435,2.2978260869565217,12.194927536231884
331,Luc Mbah a Moute\mbahalu01,PF,32,LAC,4,0,15.3,2,4.5,0.444,0.5,1.5,0.333,1.5,3,0.5,0.5,0.5,1.3,0.4,0.5,1.3,1.8,0.5,0.3,0.3,0.5,2,5
332,Tahjere McCall\mccalta01,SG,24,BRK,1,0,8,2,3,0.667,0,1,0,2,2,1,0.667,0,1,0,0,1,1,0,0,0,0,2,4
333,Patrick McCaw\mccawpa01,SG,23,TOT,58.0,2.0,13.682758620689654,0.8896551724137932,2.1965517241379313,0.4170172413793103,0.3,0.9706896551724138,0.3227068965517242,0.5844827586206897,1.225862068965517,0.4922758620689655,0.48903448275862066,0.4241379310344828,0.5189655172413793,0.8221551724137931,0.23448275862068968,1.4241379310344826,1.6637931034482758,0.9844827586206897,0.7948275862068968,0.09482758620689655,0.5758620689655172,1.293103448275862,2.598275862068965
334,CJ McCollum\mccolcj01,SG,27,POR,70,70,33.9,8.2,17.8,0.459,2.4,6.4,0.375,5.8,11.4,0.506,0.527,2.3,2.7,0.828,0.9,3.1,4,3,0.8,0.4,1.5,2.5,21
335,T.J. McConnell\mccontj01,PG,26,PHI,76,3,19.3,2.9,5.5,0.525,0.2,0.6,0.333,2.7,5,0.546,0.542,0.4,0.5,0.784,0.4,1.9,2.3,3.4,1,0.2,1.2,1.4,6.4
336,Doug McDermott\mcderdo01,SF,27,IND,77,1,17.4,2.7,5.5,0.491,1.1,2.7,0.408,1.6,2.8,0.569,0.59,0.9,1,0.835,0.2,1.2,1.4,0.9,0.2,0.1,0.5,1.4,7.3
337,JaVale McGee\mcgeeja01,C,31,LAL,75,62,22.3,5.3,8.5,0.624,0,0.2,0.083,5.3,8.4,0.634,0.625,1.3,2,0.632,2.6,4.9,7.5,0.7,0.6,2,1.4,2.8,12
338,Rodney McGruder\mcgruro01,SG,27,MIA,66,45,23.5,2.8,7,0.403,1.2,3.4,0.351,1.6,3.6,0.453,0.489,0.8,1.1,0.722,0.9,2.7,3.6,1.7,0.5,0.2,1,1.7,7.6
339,Alfonzo McKinnie\mckinal01,SF,26,GSW,72,5,13.9,1.9,3.8,0.487,0.6,1.6,0.356,1.3,2.2,0.586,0.564,0.4,0.7,0.563,1.1,2.3,3.4,0.4,0.3,0.2,0.4,1.9,4.7
340,Ben McLemore\mclembe01,SG,25,SAC,19,0,8.3,1.3,3.4,0.391,0.9,2.2,0.415,0.4,1.2,0.348,0.523,0.4,0.6,0.667,0.2,0.7,0.9,0.2,0.3,0.2,0.3,1.2,3.9
341,Jordan McRae\mcraejo01,SG,27,WAS,27,0,12.3,2.3,4.8,0.469,0.4,1.3,0.286,1.9,3.5,0.537,0.508,1,1.3,0.8,0.2,1.3,1.5,1.1,0.5,0.3,0.6,1,5.9
342,Jodie Meeks\meeksjo01,SG,31,TOR,8,0,13,2.6,4.9,0.538,1,2.3,0.444,1.6,2.6,0.619,0.641,0.1,0.1,1,0.1,1.4,1.5,1,0.1,0.1,0.3,0.6,6.4
343,Salah Mejri\mejrisa01,C,32,DAL,36,4,11.1,1.5,3.1,0.491,0.3,0.9,0.324,1.2,2.2,0.564,0.54,0.6,0.9,0.625,1,2.6,3.6,1,0.3,0.7,0.6,1.5,3.9
344,De'Anthony Melton\meltode01,PG,20,PHO,50,31,19.7,2,5.1,0.391,0.6,1.9,0.305,1.4,3.2,0.441,0.447,0.4,0.6,0.75,0.5,2.2,2.7,3.2,1.4,0.5,1.5,2.3,5
345,Chimezie Metu\metuch01,PF,21,SAS,29,0,5,0.7,2,0.328,0,0.1,0,0.7,1.9,0.339,0.328,0.4,0.6,0.765,0.3,0.9,1.2,0.4,0.2,0.1,0.5,0.5,1.8
346,Khris Middleton\middlkh01,SF,27,MIL,77,77,31.1,6.6,14.9,0.441,2.3,6.2,0.378,4.2,8.8,0.485,0.519,2.8,3.4,0.837,0.6,5.3,6,4.3,1,0.1,2.3,2.2,18.3
347,C.J. Miles\milescj01,SF,31,TOT,106.0,2.0,16.192452830188678,2.121698113207547,5.90566037735849,0.35735849056603775,1.2858490566037737,3.8084905660377357,0.32813207547169815,0.8358490566037736,2.009433962264151,0.41270754716981134,0.46458490566037747,0.9122641509433963,1.1,0.827933962264151,0.22547169811320758,1.5235849056603774,1.7990566037735851,0.7113207547169812,0.5122641509433962,0.3122641509433962,0.5745283018867925,1.5132075471698114,6.416037735849057
348,Darius Miller\milleda01,SF,28,NOP,69,15,25.5,2.7,7,0.39,1.9,5.3,0.365,0.8,1.7,0.467,0.528,0.8,1,0.789,0.2,1.7,1.9,2.1,0.6,0.3,0.9,2.4,8.2
349,Malcolm Miller\millema01,SF,25,TOR,10,0,6.7,1.1,2.6,0.423,1,2.1,0.476,0.1,0.5,0.2,0.615,0.3,0.4,0.75,0.1,0.4,0.5,0.1,0.1,0.1,0.1,0.5,3.5
350,Patty Mills\millspa02,PG,30,SAS,82,1,23.3,3.4,8.1,0.425,1.9,4.9,0.394,1.5,3.2,0.475,0.545,1.1,1.3,0.854,0.3,1.9,2.2,3,0.6,0.1,1.1,1.6,9.9
351,Paul Millsap\millspa01,PF,33,DEN,70,65,27.1,4.6,9.5,0.484,0.8,2.3,0.365,3.8,7.2,0.522,0.528,2.6,3.6,0.727,2.2,5,7.2,2,1.2,0.8,1.4,2.6,12.6
352,Shake Milton\miltosh01,SG,22,PHI,20,0,13.4,1.7,4.4,0.391,0.7,2.2,0.318,1,2.2,0.465,0.471,0.3,0.4,0.714,0.5,1.3,1.8,0.9,0.4,0.4,0.3,1.5,4.4
353,Nikola Mirotic\mirotni01,PF,27,TOT,92.0,50.0,27.08695652173913,5.191304347826088,11.77826086956522,0.4381304347826087,2.523913043478261,6.897826086956522,0.36467391304347824,2.667391304347826,4.880434782608695,0.5434347826086956,0.5456521739130435,2.302173913043478,2.706521739130435,0.8487608695652172,1.2891304347826087,6.084782608695652,7.408695652173913,1.1956521739130435,0.7,0.7195652173913044,1.0391304347826087,2.317391304347826,15.173913043478262
354,Donovan Mitchell\mitchdo01,SG,22,UTA,77,77,33.7,8.6,19.9,0.432,2.4,6.7,0.362,6.1,13.1,0.468,0.493,4.1,5.1,0.806,0.8,3.3,4.1,4.2,1.4,0.4,2.8,2.7,23.8
355,Naz Mitrou-Long\mitrona01,SG,25,UTA,14,0,6,0.4,1.4,0.3,0.1,0.8,0.182,0.3,0.6,0.444,0.35,0.1,0.1,1,0.1,0.4,0.4,1.1,0.1,0.1,0.6,0.7,1.1
356,Malik Monk\monkma01,SG,20,CHO,73,0,17.2,3.1,8,0.387,1.5,4.5,0.33,1.6,3.5,0.461,0.48,1.2,1.4,0.882,0.2,1.7,1.9,1.6,0.5,0.3,1.2,1.5,8.9
357,Greg Monroe\monrogr01,C,28,TOT,86.0,4.0,11.16627906976744,2.0988372093023258,4.3825581395348845,0.48345348837209307,0.010465116279069766,0.10465116279069768,0.13488372093023254,2.088372093023256,4.274418604651163,0.49175581395348844,0.4852209302325582,1.0127906976744185,1.686046511627907,0.5978372093023256,1.5872093023255813,2.409302325581395,3.996511627906976,0.5686046511627907,0.2930232558139535,0.1883720930232558,0.713953488372093,1.516279069767442,5.318604651162792
358,E'Twaun Moore\mooreet01,SG,29,NOP,53,36,27.6,4.8,10,0.481,1.4,3.3,0.432,3.4,6.7,0.506,0.553,0.8,1.1,0.763,0.7,1.7,2.4,1.9,0.8,0.2,1.1,2.1,11.9
359,Eric Moreland\moreler01,PF,27,TOT,10.0,0.0,8.6,0.62,1.42,0.3861,0.22000000000000003,0.22000000000000003,0.9,0.4,1.2,0.29969999999999997,0.45,0.0,0.0,0.0,0.8,3.22,4.0200000000000005,0.8,0.22000000000000003,0.22000000000000003,1.02,1.8,1.42
360,Jaylen Morris\morrija01,SG,23,MIL,4,0,7.3,1,2.5,0.4,0.3,0.8,0.333,0.8,1.8,0.429,0.45,0.3,0.5,0.5,0,1.3,1.3,1,0.5,0,0.3,0.3,2.5
361,Marcus Morris\morrima03,PF,29,BOS,75,53,27.9,5,11.3,0.447,1.9,5.2,0.375,3.1,6.1,0.508,0.533,1.9,2.3,0.844,1,5.1,6.1,1.5,0.6,0.3,1.2,2.4,13.9
362,Markieff Morris\morrima02,PF,29,TOT,116.0,32.0,21.901724137931033,3.4982758620689656,8.308620689655172,0.4191896551724138,1.1758620689655173,3.4982758620689656,0.33524137931034487,2.322413793103448,4.810344827586207,0.4807586206896552,0.48932758620689654,1.2224137931034482,1.581034482758621,0.767396551724138,1.0672413793103448,3.513793103448276,4.58103448275862,1.3931034482758617,0.6086206896551724,0.39655172413793105,0.9224137931034484,2.9931034482758623,9.41551724137931
363,Monte Morris\morrimo01,PG,23,DEN,82,6,24,4.2,8.6,0.493,1.1,2.8,0.414,3.1,5.8,0.531,0.56,0.8,1,0.802,0.4,1.9,2.4,3.6,0.9,0,0.6,1.2,10.4
364,Donatas Motiejunas\motiedo01,PF,28,SAS,3,0,4.3,1,2,0.5,0,0,0,1,2,0.5,0.5,0,0.7,0,0.7,0.3,1,0.3,0,0.3,1,2,2
365,Johnathan Motley\motlejo01,PF,23,LAC,22,0,7.1,1.8,3.3,0.534,0,0.1,0,1.8,3.2,0.557,0.534,1.1,1.8,0.6,0.8,1.5,2.3,0.5,0.2,0.1,0.7,1.2,4.6
366,Emmanuel Mudiay\mudiaem01,PG,22,NYK,59,42,27.2,5.6,12.5,0.446,1.2,3.6,0.329,4.4,9,0.492,0.493,2.4,3.2,0.774,0.6,2.8,3.3,3.9,0.7,0.3,2.4,1.7,14.8
367,Jamal Murray\murraja01,PG,21,DEN,75,74,32.6,6.8,15.6,0.437,2,5.5,0.367,4.8,10.1,0.476,0.502,2.5,3,0.848,0.9,3.4,4.2,4.8,0.9,0.4,2.1,2,18.2
368,Dzanan Musa\musadz01,SG,19,BRK,9,0,4.3,1,2.4,0.409,0.1,1.1,0.1,0.9,1.3,0.667,0.432,0,0.2,0,0.1,0.4,0.6,0.2,0.2,0,0.4,0.1,2.1
369,Mike Muscala\muscami01,PF,27,TOT,128.0,20.0,20.38671875,2.2734375,5.6171875,0.402578125,1.3734374999999999,3.99375,0.34845312500000003,0.9,1.6234375,0.5337031250000001,0.5256093749999999,1.08046875,1.30390625,0.8285703124999999,0.9070312500000001,2.9171875,3.824218749999999,1.18359375,0.3234375,0.6,0.7703125,2.02734375,7.000781249999999
370,Sviatoslav Mykhailiuk\mykhasv01,SF,21,TOT,84.0,0.0,10.50357142857143,1.0857142857142859,3.325,0.32803571428571426,0.7,2.1178571428571433,0.3285,0.3857142857142858,1.2035714285714287,0.3345714285714286,0.4318214285714285,0.2892857142857143,0.48214285714285715,0.5785714285714286,0.2035714285714286,0.6357142857142857,0.8928571428571429,0.8678571428571429,0.3,0.0,0.4928571428571428,0.5785714285714286,3.2035714285714287
371,Abdel Nader\naderab01,SF,25,OKC,61,1,11.4,1.5,3.5,0.423,0.5,1.6,0.32,1,1.9,0.513,0.498,0.4,0.6,0.75,0.2,1.7,1.9,0.3,0.3,0.2,0.4,1.1,4
372,Larry Nance\nancela02,C,26,CLE,67,30,26.8,3.7,7.1,0.52,0.5,1.5,0.337,3.2,5.7,0.567,0.554,1.4,2,0.716,2.5,5.7,8.2,3.2,1.5,0.6,1.4,2.9,9.4
373,Shabazz Napier\napiesh01,PG,27,BRK,56,2,17.6,3,7.8,0.389,1.4,4.1,0.333,1.7,3.7,0.449,0.476,2.1,2.5,0.833,0.3,1.5,1.8,2.6,0.7,0.3,1.2,1.2,9.4
374,Raul Neto\netora01,PG,26,UTA,37,1,12.8,2,4.4,0.46,0.5,1.6,0.333,1.5,2.7,0.535,0.522,0.8,0.9,0.848,0.2,1.5,1.7,2.5,0.4,0.1,0.9,1.3,5.3
375,Georges Niang\niangge01,PF,25,UTA,59,0,8.7,1.5,3.1,0.475,0.7,1.8,0.41,0.7,1.3,0.566,0.594,0.3,0.4,0.833,0.2,1.3,1.5,0.6,0.2,0.1,0.4,1,4
376,Joakim Noah\noahjo01,C,33,MEM,42,1,16.5,2.6,5.1,0.516,0,0,0,2.6,5,0.519,0.516,1.9,2.6,0.716,1.4,4.3,5.7,2.1,0.5,0.7,1.2,2.3,7.1
377,Nerlens Noel\noelne01,C,24,OKC,77,2,13.7,2.1,3.6,0.587,0,0,0,2.1,3.6,0.587,0.587,0.7,1,0.684,1.6,2.6,4.2,0.6,0.9,1.2,0.6,2.2,4.9
378,Dirk Nowitzki\nowitdi01,PF,40,DAL,51,20,15.6,2.6,7.4,0.359,1.3,4,0.312,1.4,3.4,0.415,0.444,0.8,1,0.78,0.1,3,3.1,0.7,0.2,0.4,0.4,1.5,7.3
379,Frank Ntilikina\ntilila01,PG,20,NYK,43,16,21,2.2,6.6,0.337,0.8,2.7,0.287,1.4,3.9,0.371,0.395,0.5,0.7,0.767,0.3,1.7,2,2.8,0.7,0.3,1.3,2.4,5.7
380,James Nunnally\nunnaja01,SF,28,TOT,30.0,0.0,6.79,0.8033333333333333,2.2766666666666664,0.37779999999999997,0.5233333333333333,1.6833333333333333,0.34349999999999997,0.28,0.5933333333333334,0.43866666666666665,0.4960333333333333,0.28,0.28,0.9333333333333333,0.0,0.31333333333333335,0.31333333333333335,0.49,0.09333333333333332,0.0,0.09333333333333332,0.68,2.4099999999999997
381,Jusuf Nurkic\nurkiju01,C,24,POR,72,72,27.4,5.8,11.5,0.508,0,0.4,0.103,5.8,11.1,0.523,0.51,3.9,5.1,0.773,3.4,7,10.4,3.2,1,1.4,2.3,3.5,15.6
382,David Nwaba\nwabada01,SG,26,CLE,51,14,19.3,2.5,5.1,0.481,0.5,1.5,0.32,2,3.7,0.545,0.527,1.1,1.7,0.682,0.8,2.4,3.2,1.1,0.7,0.3,0.6,2.1,6.5
383,Royce O'Neale\onealro01,SF,25,UTA,82,16,20.4,2,4.2,0.475,0.8,2.1,0.386,1.2,2,0.569,0.574,0.4,0.5,0.762,0.3,3.2,3.5,1.5,0.7,0.3,0.9,2.1,5.2
384,Kyle O'Quinn\oquinky01,C,28,IND,45,3,8.2,1.5,3,0.507,0,0.3,0.083,1.5,2.8,0.548,0.511,0.4,0.5,0.81,0.6,2,2.6,1.2,0.2,0.6,0.7,1.5,3.5
385,Semi Ojeleye\ojelese01,PF,24,BOS,56,3,10.6,1.2,2.8,0.424,0.5,1.6,0.315,0.7,1.2,0.565,0.513,0.4,0.7,0.615,0.4,1.1,1.5,0.4,0.2,0.1,0.3,0.8,3.3
386,Jahlil Okafor\okafoja01,C,23,NOP,59,24,15.8,3.6,6.1,0.586,0,0.1,0.2,3.6,6.1,0.591,0.587,1,1.5,0.663,1.4,3.3,4.7,0.7,0.3,0.7,0.9,1.6,8.2
387,Elie Okobo\okoboel01,PG,21,PHO,53,16,18.1,2.2,5.5,0.393,0.7,2.5,0.295,1.4,3,0.475,0.46,0.7,0.9,0.787,0.2,1.6,1.8,2.4,0.6,0.1,1.3,2.1,5.7
388,Josh Okogie\okogijo01,SG,20,MIN,74,52,23.7,2.6,6.9,0.386,0.8,2.9,0.279,1.8,4,0.464,0.445,1.6,2.2,0.728,0.6,2.4,2.9,1.2,1.2,0.4,0.9,2.2,7.7
389,Victor Oladipo\oladivi01,SG,26,IND,36,36,31.9,6.9,16.3,0.423,2.1,6,0.343,4.9,10.3,0.47,0.486,2.9,3.9,0.73,0.6,5,5.6,5.2,1.7,0.3,2.3,2,18.8
390,Kelly Olynyk\olynyke01,PF,27,MIA,79,36,22.9,3.3,7.1,0.463,1.4,4,0.354,1.9,3.1,0.604,0.563,1.9,2.3,0.822,0.9,3.8,4.7,1.8,0.7,0.5,1.4,2.3,10
391,Cedi Osman\osmande01,SF,23,CLE,76,75,32.2,4.7,11.1,0.427,1.7,4.9,0.348,3,6.2,0.489,0.504,1.9,2.4,0.779,0.6,4.1,4.7,2.6,0.8,0.1,1.5,2.6,13
392,Kelly Oubre\oubreke01,SF,23,TOT,138.0,38.0,28.014492753623188,5.434782608695652,12.190579710144927,0.4447971014492754,1.5869565217391304,4.923913043478261,0.3195579710144928,3.8768115942028984,7.316666666666667,0.5297391304347827,0.5093478260869566,2.7028985507246377,3.518840579710145,0.7761956521739131,1.0159420289855072,3.6789855072463773,4.6949275362318845,1.210869565217391,1.194927536231884,0.8869565217391304,1.4818840579710144,2.6159420289855073,15.209420289855073
393,Zaza Pachulia\pachuza01,C,34,DET,68,3,12.9,1.3,2.8,0.44,0,0.1,0,1.3,2.8,0.45,0.44,1.4,1.8,0.782,1.5,2.4,3.9,1.3,0.5,0.3,0.8,2.2,3.9
394,Jabari Parker\parkeja01,PF,23,TOT,128.0,34.0,26.917187499999997,5.778124999999999,11.70234375,0.4930703125,0.96953125,3.00859375,0.3133359375,4.80859375,8.69375,0.5570781250000001,0.5334609375,2.01953125,2.8890624999999996,0.7123203124999999,1.228125,5.317187499999999,6.5953125,2.39765625,0.7085937499999999,0.4890625,2.39765625,2.26953125,14.53671875
395,Tony Parker\parketo01,PG,36,CHO,56,0,17.9,3.8,8.3,0.46,0.2,0.9,0.255,3.6,7.4,0.485,0.474,1.6,2.2,0.734,0.3,1.2,1.5,3.7,0.4,0.1,1.3,0.9,9.5
396,Chandler Parsons\parsoch01,SF,30,MEM,25,3,19.8,2.7,7.3,0.374,1.2,3.8,0.309,1.6,3.5,0.443,0.453,0.9,1,0.88,0.2,2.6,2.8,1.7,0.8,0.2,1.3,1.8,7.5
397,Patrick Patterson\pattepa01,PF,29,OKC,63,5,13.7,1.3,3.5,0.374,0.7,2.2,0.336,0.6,1.3,0.439,0.479,0.3,0.5,0.633,0.7,1.7,2.3,0.5,0.3,0.2,0.3,0.7,3.6
398,Justin Patton\pattoju01,C,21,PHI,3,0,7,0.7,2.3,0.286,0,0.7,0,0.7,1.7,0.4,0.286,0.3,0.7,0.5,0.7,1.3,2,1,0.7,0,0,1.7,1.7
399,Chris Paul\paulch01,PG,33,HOU,58,58,32,5.2,12.4,0.419,2.2,6.1,0.358,3,6.3,0.479,0.508,3,3.5,0.862,0.6,3.9,4.6,8.2,2,0.3,2.6,2.5,15.6
400,Cameron Payne\payneca01,PG,24,TOT,80.0,26.0,17.808750000000003,2.3899999999999997,5.578749999999999,0.4295,0.60625,2.10125,0.29451249999999995,1.78375,3.4775,0.511325,0.4854374999999999,0.80625,1.0125,0.8209,0.29999999999999993,1.495,1.795,2.6887499999999998,0.68375,0.21125,1.1112499999999998,1.61125,6.281250000000001
401,Elfrid Payton\paytoel01,PG,24,NOP,42,42,29.8,4.3,9.8,0.434,0.8,2.5,0.314,3.5,7.3,0.476,0.475,1.3,1.8,0.743,1.2,4.1,5.2,7.6,1,0.4,2.7,1.9,10.6
402,Gary Payton\paytoga02,PG,26,WAS,3,0,5.3,1.7,2.7,0.625,0.3,0.7,0.5,1.3,2,0.667,0.688,0,0,0,0.3,0.3,0.7,1.3,1,0.3,0.3,0.7,3.7
403,Theo Pinson\pinsoth01,SG,23,BRK,18,0,11.7,1.4,4.1,0.342,0.7,2.6,0.261,0.7,1.5,0.481,0.425,1.1,1.2,0.864,0.2,1.8,2,1.2,0.3,0,1,0.8,4.5
404,Mason Plumlee\plumlma01,C,28,DEN,82,17,21.1,3.2,5.4,0.593,0,0.1,0.2,3.2,5.3,0.602,0.595,1.4,2.4,0.561,2,4.4,6.4,3,0.8,0.9,1.5,3.1,7.8
405,Miles Plumlee\plumlmi01,C,30,ATL,18,0,9.6,1.8,2.7,0.667,0,0,0,1.8,2.7,0.667,0.667,0.9,1.7,0.533,0.9,1.3,2.2,0.9,0.3,0.2,0.6,0.8,4.4
406,Jakob Poeltl\poeltja01,C,23,SAS,77,24,16.5,2.4,3.8,0.645,0,0,0,2.4,3.8,0.645,0.645,0.6,1.2,0.533,2.3,3,5.3,1.2,0.4,0.9,0.6,1.6,5.5
407,Quincy Pondexter\pondequ01,SF,30,SAS,53,0,5.5,0.5,1.1,0.5,0.1,0.3,0.333,0.4,0.8,0.575,0.552,0.6,0.8,0.81,0.2,0.7,0.9,0.5,0.2,0,0.2,0.5,1.8
408,Otto Porter\porteot01,SF,25,TOT,112.0,86.0,30.058928571428574,5.314285714285715,11.498214285714285,0.46448214285714284,1.8839285714285714,4.583928571428572,0.4034375,3.4803571428571423,6.9142857142857155,0.5046785714285714,0.5450625,1.39375,1.7169642857142857,0.80825,0.9866071428571429,4.636607142857143,5.586607142857142,2.1437500000000003,1.4964285714285717,0.5633928571428571,1.1937499999999999,1.9,13.90625
409,Bobby Portis\portibo01,PF,23,TOT,100.0,56.0,25.974,5.577999999999999,12.59,0.44420000000000004,1.49,3.83,0.39184,4.087999999999999,8.71,0.46668,0.50396,1.5379999999999998,1.932,0.79512,2.2060000000000004,5.886,8.064,1.406,0.7120000000000001,0.4,1.484,2.906,14.206000000000001
410,Dwight Powell\poweldw01,C,27,DAL,77,22,21.6,3.8,6.3,0.597,0.5,1.6,0.307,3.3,4.7,0.699,0.637,2.5,3.3,0.772,1.8,3.5,5.3,1.5,0.6,0.6,0.9,2.6,10.6
411,Norman Powell\powelno01,SG,25,TOR,60,3,18.8,3.2,6.7,0.483,1.1,2.8,0.4,2.1,3.8,0.543,0.568,1,1.3,0.827,0.3,2.1,2.3,1.5,0.7,0.2,1.1,1.6,8.6
412,Alex Poythress\poythal01,PF,25,ATL,21,1,14.5,1.9,3.9,0.494,0.4,1.1,0.391,1.5,2.8,0.534,0.549,0.9,1.4,0.621,1.4,2.2,3.6,0.8,0.2,0.5,0.6,2.2,5.1
413,Zhou Qi\qizh01,PF,23,HOU,1,0,1,1,1,1,0,0,0,1,1,1,1,0,0,0,0,0,0,0,0,0,0,0,2
414,Ivan Rabb\rabbiv01,PF,21,MEM,49,13,14.7,2.4,4.3,0.547,0.1,0.3,0.2,2.3,4,0.574,0.554,1,1.4,0.71,1.4,2.8,4.2,1.1,0.3,0.3,0.7,1.8,5.8
415,Chasson Randle\randlch01,PG,25,WAS,49,2,15.2,1.9,4.4,0.419,0.9,2.3,0.4,0.9,2.1,0.441,0.525,0.9,1.3,0.694,0.2,0.9,1.1,2,0.5,0.1,0.9,1.9,5.5
416,Julius Randle\randlju01,PF,24,NOP,73,49,30.6,7.8,14.9,0.524,0.9,2.7,0.344,6.9,12.2,0.564,0.555,4.9,6.7,0.731,2.2,6.5,8.7,3.1,0.7,0.6,2.8,3.4,21.4
417,J.J. Redick\redicjj01,SG,34,PHI,76,63,31.3,5.9,13.5,0.44,3.2,8,0.397,2.8,5.6,0.502,0.557,3,3.4,0.894,0.3,2.2,2.4,2.7,0.4,0.2,1.3,1.7,18.1
418,Davon Reed\reedda01,SG,23,IND,10,0,4.7,0.5,1.2,0.417,0.2,0.4,0.5,0.3,0.8,0.375,0.5,0,0,0,0.2,0.4,0.6,0.3,0.1,0,0.1,0.3,1.2
419,Cameron Reynolds\reynoca01,SG,23,MIN,19,0,13.6,1.7,4.1,0.423,1.1,2.7,0.412,0.6,1.4,0.444,0.558,0.4,0.5,0.889,0.2,1.4,1.6,0.7,0.3,0.1,0.3,1.4,5
420,Josh Richardson\richajo01,SG,25,MIA,73,73,34.8,5.8,14.1,0.412,2.2,6.3,0.357,3.5,7.8,0.458,0.492,2.7,3.2,0.861,0.7,2.9,3.6,4.1,1.1,0.5,1.5,2.7,16.6
421,Malachi Richardson\richama01,SG,23,TOR,22,0,4.7,0.4,1.3,0.31,0.4,1.1,0.32,0,0.2,0.25,0.448,0.2,0.2,0.8,0.1,0.5,0.6,0,0,0,0.4,0.6,1.4
422,Austin Rivers\riverau01,SG,26,TOT,152.0,30.0,26.696052631578947,3.066447368421053,7.501973684210526,0.4054934210526316,1.3736842105263156,4.309210526315789,0.3175921052631579,1.6927631578947369,3.192763157894737,0.521578947368421,0.4962763157894737,0.6763157894736842,1.2644736842105262,0.524296052631579,0.3,1.7953947368421055,2.0953947368421053,2.192763157894737,0.6,0.3,0.8953947368421052,2.723684210526316,8.113815789473685
423,Devin Robinson\robinde01,SF,23,WAS,7,0,13.6,2.7,4.6,0.594,0,0.3,0,2.7,4.3,0.633,0.594,1.3,2,0.643,0.9,2,2.9,0.9,0.6,0.9,0.3,1.6,6.7
424,Duncan Robinson\robindu01,PF,24,MIA,15,1,10.7,1.2,3.1,0.391,0.7,2.3,0.286,0.5,0.7,0.727,0.5,0.3,0.4,0.667,0.1,1.1,1.3,0.3,0.3,0,0.3,0.7,3.3
425,Glenn Robinson\robingl02,SF,25,DET,47,18,13,1.6,3.7,0.42,0.4,1.3,0.29,1.2,2.4,0.491,0.472,0.7,0.9,0.8,0.4,1.1,1.5,0.4,0.3,0.2,0.4,1,4.2
426,Jerome Robinson\robinje01,SG,21,LAC,33,0,9.7,1.3,3.3,0.4,0.5,1.7,0.316,0.8,1.6,0.491,0.482,0.2,0.3,0.667,0.1,1.2,1.2,0.6,0.3,0.1,0.4,1.4,3.4
427,Mitchell Robinson\robinmi01,C,20,NYK,66,19,20.6,3.1,4.4,0.694,0,0,0,3.1,4.4,0.694,0.694,1.2,2,0.6,2.7,3.7,6.4,0.6,0.8,2.4,0.5,3.3,7.3
428,Rajon Rondo\rondora01,PG,32,LAL,46,29,29.8,3.8,9.4,0.405,1.1,3.1,0.359,2.7,6.3,0.428,0.464,0.5,0.8,0.639,0.7,4.5,5.3,8,1.2,0.2,2.8,2.2,9.2
429,Derrick Rose\rosede01,PG,30,MIN,51,13,27.3,7.1,14.8,0.482,1.1,2.9,0.37,6.1,11.9,0.509,0.518,2.7,3.1,0.856,0.6,2.1,2.7,4.3,0.6,0.2,1.6,1.1,18
430,Terrence Ross\rosste01,SG,27,ORL,81,0,26.5,5.4,12.7,0.428,2.7,7,0.383,2.8,5.7,0.484,0.534,1.6,1.8,0.875,0.3,3.1,3.5,1.7,0.9,0.4,1.1,1.5,15.1
431,Terry Rozier\roziete01,PG,24,BOS,79,14,22.7,3.3,8.4,0.387,1.5,4.3,0.353,1.8,4.2,0.422,0.477,0.9,1.2,0.785,0.4,3.5,3.9,2.9,0.9,0.3,0.9,1.3,9
432,Ricky Rubio\rubiori01,PG,28,UTA,68,67,27.9,4.3,10.7,0.404,1.2,3.7,0.311,3.2,7,0.454,0.458,2.9,3.4,0.855,0.5,3.1,3.6,6.1,1.3,0.1,2.6,2.6,12.7
433,D'Angelo Russell\russeda01,PG,22,BRK,81,81,30.2,8.1,18.7,0.434,2.9,7.8,0.369,5.2,10.9,0.482,0.512,2,2.5,0.78,0.7,3.2,3.9,7,1.2,0.2,3.1,1.7,21.1
434,Domantas Sabonis\sabondo01,C,22,IND,74,5,24.8,5.6,9.5,0.59,0.1,0.2,0.529,5.5,9.2,0.592,0.596,2.8,3.9,0.715,2.5,6.8,9.3,2.9,0.6,0.4,2.2,3.2,14.1
435,Brandon Sampson\sampsbr01,SG,21,CHI,14,2,15.3,2,4.3,0.467,0.8,2.1,0.379,1.2,2.2,0.548,0.558,0.3,0.4,0.667,0.2,0.9,1.1,0.7,0.6,0.2,0.9,1.4,5.1
436,JaKarr Sampson\sampsja02,SF,25,CHI,4,0,31.8,7.3,13.5,0.537,1.3,3.5,0.357,6,10,0.6,0.583,4.3,5.3,0.81,1.3,6.8,8,1,1,0.8,1,2,20
437,Dario Saric\saricda01,PF,24,TOT,162.0,82.0,24.979629629629628,3.791975308641975,8.60246913580247,0.4382777777777778,1.4660493827160495,3.9864197530864196,0.3673395061728395,2.2839506172839505,4.6160493827160485,0.49890123456790125,0.523216049382716,1.598148148148148,1.8901234567901237,0.8795061728395063,1.5580246913580247,4.088271604938272,5.6382716049382715,1.5901234567901237,0.5759259259259258,0.10802469135802469,1.2141975308641975,2.2222222222222223,10.598148148148148
438,Tomas Satoransky\satorto01,PG,27,WAS,80,54,27.1,3.2,6.6,0.485,0.8,2,0.395,2.4,4.6,0.524,0.545,1.6,2,0.819,1,2.5,3.5,5,1,0.2,1.5,2.2,8.9
439,Dennis Schroder\schrode01,PG,25,OKC,79,14,29.3,5.8,14,0.414,1.6,4.6,0.341,4.2,9.4,0.45,0.47,2.4,2.9,0.819,0.5,3.1,3.6,4.1,0.8,0.2,2.2,2.4,15.5
440,Mike Scott\scottmi01,PF,30,TOT,158.0,6.0,17.690506329113923,2.1208860759493673,5.294303797468355,0.4,1.2867088607594936,3.207594936708861,0.39958860759493675,0.8341772151898735,2.1196202531645567,0.40003164556962023,0.5192341772151898,0.28417721518987343,0.40126582278481016,0.667,0.5341772151898735,2.934177215189873,3.485443037974684,0.8,0.3,0.2,0.5670886075949367,1.9867088607594936,5.812658227848101
441,Thabo Sefolosha\sefolth01,SF,34,UTA,50,2,12.2,1.4,3,0.477,0.7,1.6,0.436,0.7,1.4,0.521,0.591,0.3,0.4,0.636,0.2,2.3,2.5,0.5,0.9,0.1,0.5,0.8,3.8
442,Wayne Selden\seldewa01,SG,24,TOT,150.0,26.0,19.194,2.5866666666666664,6.416666666666667,0.40586,0.7073333333333333,2.322,0.3159266666666667,1.8793333333333335,4.116,0.45635333333333333,0.46306666666666674,0.886,1.222,0.7306,0.5,1.9160000000000001,2.4160000000000004,1.472,0.4073333333333333,0.2,1.072,1.7146666666666666,6.895333333333333
443,Collin Sexton\sextoco01,PG,20,CLE,82,72,31.8,6.3,14.7,0.43,1.5,3.6,0.402,4.9,11.1,0.44,0.48,2.6,3.1,0.839,0.7,2.2,2.9,3,0.5,0.1,2.3,2.3,16.7
444,Landry Shamet\shamela01,SG,21,TOT,158.0,54.0,22.805063291139238,3.010759493670886,7.0664556962025316,0.4317278481012658,2.0924050632911393,4.987341772151899,0.4202784810126582,0.918354430379747,2.029113924050633,0.458246835443038,0.5812341772151898,0.9132911392405064,1.1949367088607596,0.8073354430379747,0.3,1.4265822784810125,1.6765822784810125,1.489873417721519,0.46582278481012657,0.1,0.5974683544303798,2.0,9.11139240506329
445,Iman Shumpert\shumpim01,SG,28,TOT,124.0,82.0,23.904838709677417,2.708064516129032,7.201612903225806,0.3723548387096774,1.5370967741935486,4.406451612903226,0.3457096774193548,1.1870967741935483,2.8112903225806454,0.4224193548387096,0.4793548387096774,0.5870967741935483,0.720967741935484,0.7614354838709678,0.43387096774193545,2.5016129032258063,2.9854838709677423,1.8225806451612903,0.9693548387096774,0.40161290322580645,0.8016129032258065,2.035483870967742,7.506451612903224
446,Pascal Siakam\siakapa01,PF,24,TOR,80,79,31.9,6.5,11.8,0.549,1,2.7,0.369,5.5,9.1,0.602,0.591,3,3.8,0.785,1.6,5.3,6.9,3.1,0.9,0.7,1.9,3,16.9
447,Jordan Sibert\siberjo01,SG,26,ATL,1,0,4,1,1,1,1,1,1,0,0,0,1.5,0,0,0,0,0,0,0,0,0,0,0,3
448,Ben Simmons\simmobe01,PG,22,PHI,79,79,34.2,6.8,12.2,0.563,0,0.1,0,6.8,12.1,0.566,0.563,3.3,5.4,0.6,2.2,6.6,8.8,7.7,1.4,0.8,3.5,2.6,16.9
449,Jonathon Simmons\simmojo02,SG-SF,29,TOT,112.0,18.0,18.996428571428567,2.3696428571428574,6.288392857142857,0.38391964285714286,0.5133928571428571,1.869642857142857,0.2757857142857143,1.8928571428571428,4.41875,0.42916071428571423,0.42537499999999995,1.3098214285714285,1.7366071428571428,0.7415178571428571,0.5098214285714285,1.7964285714285713,2.2562499999999996,2.286607142857143,0.49017857142857146,0.2732142857142857,1.219642857142857,1.6098214285714287,6.512500000000001
450,Kobi Simmons\simmoko01,PG,21,CLE,1,0,2,0,0,0,0,0,0,0,0,0,0,0,0,0,0,0,0,0,0,0,0,0,0
451,Anfernee Simons\simonan01,SG,19,POR,20,1,7.1,1.4,3.2,0.444,0.5,1.5,0.345,0.9,1.7,0.529,0.524,0.5,0.8,0.563,0.2,0.5,0.7,0.7,0.1,0,0.6,0.5,3.8
452,Marcus Smart\smartma01,SG,24,BOS,80,60,27.5,3,7.1,0.422,1.6,4.3,0.364,1.4,2.8,0.511,0.533,1.3,1.6,0.806,0.7,2.2,2.9,4,1.8,0.4,1.5,2.5,8.9
453,Dennis Smith\smithde03,PG,21,TOT,106.0,100.0,28.489622641509435,5.228301886792453,12.304716981132078,0.42865094339622645,1.260377358490566,3.919811320754717,0.32210377358490566,3.9981132075471693,8.334905660377359,0.47825471698113203,0.48038679245283017,1.8896226415094337,2.9283018867924526,0.6398396226415094,0.619811320754717,2.320754716981132,2.910377358490566,4.7679245283018865,1.3,0.369811320754717,2.900943396226415,2.420754716981132,13.606603773584904
454,Ish Smith\smithis01,PG,30,DET,56,0,22.3,3.7,8.7,0.419,0.8,2.4,0.326,2.9,6.3,0.455,0.464,0.8,1.1,0.758,0.4,2.2,2.6,3.6,0.5,0.2,1.1,1.9,8.9
455,J.R. Smith\smithjr01,SG,33,CLE,11,4,20.2,2.5,7.2,0.342,1.1,3.5,0.308,1.4,3.6,0.375,0.418,0.7,0.9,0.8,0,1.6,1.6,1.9,1,0.3,1,1.7,6.7
456,Jason Smith\smithja02,PF-C,32,TOT,40.0,2.0,9.495,1.095,2.9850000000000003,0.3568,0.465,1.29,0.35724999999999996,0.6,1.6949999999999998,0.34159999999999996,0.4338,0.685,0.795,0.8873999999999999,0.795,1.8050000000000002,2.6,0.705,0.175,0.36500000000000005,0.675,1.5150000000000001,3.2900000000000005
457,Zhaire Smith\smithzh01,SG,19,PHI,6,2,18.5,2.3,5.7,0.412,1,2.7,0.375,1.3,3,0.444,0.5,1,1.3,0.75,0.5,1.7,2.2,1.7,0.3,0.3,1,1.3,6.7
458,Tony Snell\snellto01,SF,27,MIL,74,12,17.6,2.2,4.9,0.452,1.1,2.8,0.397,1.1,2.1,0.522,0.564,0.5,0.6,0.881,0.4,1.7,2.1,0.9,0.4,0.2,0.3,1.2,6
459,Ray Spalding\spaldra01,PF,21,TOT,28.0,6.0,10.582142857142857,1.782142857142857,3.3714285714285714,0.513,0.0,0.19285714285714287,0.0,1.782142857142857,3.1285714285714286,0.5477142857142857,0.513,0.28928571428571426,0.8678571428571429,0.32110714285714287,1.1071428571428572,2.3607142857142853,3.417857142857143,0.38571428571428573,0.625,0.5785714285714285,0.625,1.635714285714286,3.9
460,Omari Spellman\spellom01,PF,21,ATL,46,11,17.5,2.1,5.3,0.402,1,2.8,0.344,1.2,2.5,0.466,0.492,0.7,1,0.711,1.6,2.7,4.2,1,0.6,0.5,0.7,1.5,5.9
461,Nik Stauskas\stausni01,SG,25,TOT,136.0,0.0,14.923529411764706,2.011764705882353,4.976470588235294,0.40132352941176475,1.0176470588235293,2.764705882352941,0.373,0.9764705882352942,2.2117647058823535,0.4349411764705882,0.5056176470588236,0.8029411764705883,0.9205882352941177,0.8907058823529412,0.26764705882352946,1.6,1.8852941176470586,1.1941176470588233,0.3,0.1,0.7794117647058824,0.7176470588235294,5.894117647058824
462,D.J. Stephens\stephdj01,SG,28,MEM,1,0,7,1,2,0.5,0,0,0,1,2,0.5,0.5,0,0,0,0,0,0,0,1,0,1,0,2
463,Lance Stephenson\stephla01,SG,28,LAL,68,3,16.5,2.7,6.4,0.426,1.1,2.9,0.371,1.6,3.5,0.472,0.51,0.7,1.1,0.685,0.5,2.7,3.2,2.1,0.6,0.1,1.3,1.6,7.2
464,Edmond Sumner\sumneed01,PG,23,IND,23,2,9.1,1,2.8,0.344,0.3,1.2,0.259,0.7,1.6,0.405,0.398,0.7,1,0.625,0.4,0.7,1,0.4,0.5,0.2,0.4,1.1,2.9
465,Caleb Swanigan\swanica01,PF,21,TOT,42.0,0.0,8.507142857142856,0.8857142857142858,2.4928571428571424,0.338,0.04285714285714286,0.32857142857142857,0.1572142857142857,0.7928571428571428,2.2071428571428577,0.36849999999999994,0.34764285714285714,0.2785714285714286,0.4214285714285715,0.7007857142857142,0.7928571428571428,2.2357142857142858,3.0285714285714285,0.5142857142857143,0.2857142857142857,0.021428571428571425,0.8857142857142858,1.3071428571428572,2.0071428571428567
466,Jayson Tatum\tatumja01,SF,20,BOS,79,79,31.1,5.9,13.1,0.45,1.5,3.9,0.373,4.4,9.2,0.483,0.506,2.5,2.9,0.855,0.9,5.2,6,2.1,1.1,0.7,1.5,2.1,15.7
467,Jeff Teague\teaguje01,PG,30,MIN,42,41,30.1,4.2,9.9,0.423,0.8,2.5,0.333,3.4,7.4,0.453,0.465,2.9,3.6,0.804,0.4,2.1,2.5,8.2,1,0.4,2.3,2.1,12.1
468,Garrett Temple\templga01,SG,32,TOT,150.0,110.0,27.189333333333334,2.7880000000000003,6.591333333333334,0.41978,1.194,3.5186666666666664,0.33679333333333333,1.5939999999999999,3.0726666666666667,0.5140333333333333,0.5098133333333333,1.098,1.4306666666666665,0.7476133333333334,0.4,2.4960000000000004,2.896,1.4,1.0,0.398,0.9133333333333333,2.7,7.785333333333333
469,Milos Teodosic\teodomi01,PG,31,LAC,15,0,10,1.1,2.7,0.425,0.7,1.8,0.37,0.5,0.9,0.538,0.55,0.3,0.5,0.571,0.2,0.9,1.1,2.1,0.2,0.1,1.4,1.8,3.2
470,Jared Terrell\terreja01,SG,23,MIN,14,0,7.9,0.9,2.8,0.308,0.3,1.2,0.235,0.6,1.6,0.364,0.359,0.2,0.4,0.5,0.1,0.4,0.4,0.9,0.2,0.1,0.7,1.1,2.2
471,Emanuel Terry\terryem01,PF,22,TOT,6.0,0.0,7.6833333333333345,1.3166666666666667,2.3166666666666664,0.5078333333333332,0.0,0.0,0.0,1.3166666666666667,2.3166666666666664,0.5078333333333332,0.5078333333333332,0.6833333333333332,1.3166666666666667,0.5,1.0,1.3166666666666667,2.3166666666666664,0.6833333333333332,1.0,0.0,0.6833333333333332,1.3166666666666667,3.3166666666666664
472,Daniel Theis\theisda01,C,26,BOS,66,2,13.8,2.2,4,0.549,0.4,1,0.388,1.8,3,0.603,0.598,0.8,1.2,0.737,1.3,2.1,3.4,1,0.3,0.6,0.5,2.4,5.7
473,Isaiah Thomas\thomais02,SG,29,DEN,12,0,15.1,2.8,8.3,0.343,1,3.6,0.279,1.8,4.7,0.393,0.404,1.4,2.3,0.63,0.4,0.7,1.1,1.9,0.4,0.1,1.5,1.4,8.1
474,Khyri Thomas\thomakh01,SG,22,DET,26,0,7.5,0.8,2.7,0.319,0.4,1.3,0.286,0.5,1.3,0.353,0.391,0.3,0.4,0.636,0.2,0.6,0.8,0.3,0.3,0.2,0.2,0.8,2.3
475,Lance Thomas\thomala01,PF,30,NYK,46,17,17,1.7,4.3,0.396,0.5,1.7,0.278,1.2,2.6,0.475,0.452,0.6,0.8,0.75,0.5,2.1,2.5,0.6,0.4,0.2,0.5,1.8,4.5
476,Klay Thompson\thompkl01,SG,28,GSW,78,78,34,8.4,18,0.467,3.1,7.7,0.402,5.3,10.3,0.516,0.553,1.7,2,0.816,0.5,3.4,3.8,2.4,1.1,0.6,1.5,2,21.5
477,Tristan Thompson\thomptr01,C,27,CLE,43,40,27.9,4.7,8.8,0.529,0,0,0,4.7,8.8,0.529,0.529,1.6,2.5,0.642,4,6.2,10.2,2,0.7,0.4,1.4,2.1,10.9
478,Sindarius Thornwell\thornsi01,SG,24,LAC,64,1,4.9,0.3,0.8,0.347,0,0.2,0.2,0.2,0.5,0.412,0.378,0.4,0.5,0.735,0.1,0.6,0.7,0.3,0.2,0.1,0.3,0.6,1
479,Anthony Tolliver\tollian01,PF,33,MIN,65,0,16.6,1.5,4,0.382,1.2,3.3,0.377,0.3,0.7,0.409,0.539,0.7,0.9,0.783,0.2,2.5,2.7,0.7,0.3,0.3,0.6,1.4,5
480,Karl-Anthony Towns\townska01,C,23,MIN,77,77,33.1,8.8,17.1,0.518,1.8,4.6,0.4,7,12.5,0.562,0.572,4.9,5.8,0.836,3.4,9,12.4,3.4,0.9,1.6,3.1,3.8,24.4
481,Gary Trent\trentga02,SG,20,POR,15,1,7.4,1.1,3.3,0.32,0.3,1.4,0.238,0.7,1.9,0.379,0.37,0.2,0.5,0.429,0.1,0.7,0.7,0.3,0.1,0.1,0.3,0.3,2.7
482,Allonzo Trier\trieral01,SG,23,NYK,64,3,22.8,3.6,8.1,0.448,0.8,2.1,0.394,2.8,6,0.466,0.498,2.8,3.5,0.803,0.5,2.6,3.1,1.9,0.4,0.2,1.8,1.8,10.9
483,P.J. Tucker\tuckepj01,PF,33,HOU,82,82,34.2,2.5,6.4,0.396,1.8,4.7,0.377,0.7,1.7,0.449,0.535,0.5,0.7,0.695,1.5,4.4,5.8,1.2,1.6,0.5,0.8,3.1,7.3
484,Evan Turner\turneev01,PG,30,POR,73,2,22,2.8,6.1,0.46,0.2,0.7,0.212,2.6,5.4,0.494,0.473,1,1.5,0.708,0.5,4,4.5,3.9,0.5,0.2,1.6,1.5,6.8
485,Myles Turner\turnemy01,C,22,IND,74,74,28.6,5.1,10.5,0.487,1,2.6,0.388,4.1,7.9,0.521,0.536,2,2.7,0.736,1.4,5.8,7.2,1.6,0.8,2.7,1.4,2.6,13.3
486,Ekpe Udoh\udohek01,C,31,UTA,51,1,6.3,1,1.4,0.694,0,0,0,1,1.4,0.694,0.694,0.4,0.6,0.633,0.5,1.2,1.8,0.5,0.2,0.6,0.3,0.7,2.3
487,Tyler Ulis\ulisty01,PG,23,CHI,1,0,1,0,0,0,0,0,0,0,0,0,0,0,0,0,0,0,0,0,0,0,0,0,0
488,Jonas Valanciunas\valanjo01,C,26,TOT,98.0,54.0,22.275510204081634,6.131632653061225,10.98265306122449,0.5611836734693878,0.3,0.9806122448979592,0.291734693877551,5.881632653061225,9.98265306122449,0.5891938775510204,0.5749387755102041,3.0132653061224492,3.7795918367346935,0.7973061224489797,2.1744897959183676,6.384693877551021,8.578571428571427,1.4326530612244899,0.38061224489795925,1.1051020408163266,1.8214285714285716,2.9857142857142858,15.576530612244898
489,Jarred Vanderbilt\vandeja01,PF,19,DEN,17,0,4.1,0.5,1.1,0.474,0,0.1,0,0.5,1.1,0.5,0.474,0.4,0.6,0.6,0.4,0.9,1.4,0.2,0.4,0.1,0.5,0.5,1.4
490,Fred VanVleet\vanvlfr01,PG,24,TOR,64,28,27.5,3.8,9.4,0.41,1.8,4.6,0.378,2.1,4.8,0.441,0.503,1.5,1.8,0.843,0.3,2.3,2.6,4.8,0.9,0.3,1.3,1.7,11
491,Noah Vonleh\vonleno01,PF,23,NYK,68,57,25.3,3,6.5,0.47,0.7,2,0.336,2.4,4.5,0.531,0.523,1.6,2.3,0.712,1.7,6.1,7.8,1.9,0.7,0.8,1.3,2.6,8.4
492,Nikola Vucevic\vucevni01,C,28,ORL,80,80,31.4,8.8,16.9,0.518,1.1,2.9,0.364,7.7,14,0.549,0.549,2.2,2.8,0.789,2.8,9.2,12,3.8,1,1.1,2,2,20.8
493,Dwyane Wade\wadedw01,SG,37,MIA,72,2,26.2,5.8,13.3,0.433,1.2,3.6,0.33,4.6,9.7,0.472,0.478,2.3,3.2,0.708,1,3,4,4.2,0.8,0.5,2.3,1.6,15
494,Moritz Wagner\wagnemo01,C,21,LAL,43,5,10.4,1.7,4,0.415,0.5,1.8,0.286,1.1,2.2,0.521,0.48,1,1.2,0.811,0.4,1.6,2,0.6,0.3,0.3,0.9,1.3,4.8
495,Dion Waiters\waitedi01,SG,27,MIA,44,28,25.9,4.5,10.9,0.414,2.5,6.6,0.377,2,4.3,0.471,0.528,0.5,1,0.5,0.2,2.5,2.6,2.8,0.7,0.2,1.5,1.6,12
496,Kemba Walker\walkeke02,PG,28,CHO,82,82,34.9,8.9,20.5,0.434,3.2,8.9,0.356,5.7,11.6,0.494,0.511,4.6,5.5,0.844,0.6,3.8,4.4,5.9,1.2,0.4,2.6,1.6,25.6
497,Lonnie Walker\walkelo01,SG,20,SAS,17,0,6.9,0.9,2.7,0.348,0.3,0.8,0.385,0.6,1.9,0.333,0.402,0.5,0.6,0.8,0,1,1,0.5,0.4,0.2,0.2,0.4,2.6
498,John Wall\walljo01,PG,28,WAS,32,32,34.5,7.7,17.3,0.444,1.6,5.3,0.302,6.1,12,0.507,0.49,3.8,5.5,0.697,0.5,3.2,3.6,8.7,1.5,0.9,3.8,2.2,20.7
499,Tyrone Wallace\wallaty01,PG,24,LAC,62,0,10.1,1.5,3.5,0.424,0.1,0.3,0.211,1.4,3.2,0.444,0.433,0.5,0.9,0.526,0.3,1.3,1.6,0.7,0.3,0.1,0.6,1.3,3.5
500,Taurean Waller-Prince\princta02,SF,24,ATL,55,47,28.2,4.8,10.8,0.441,2.2,5.7,0.39,2.5,5.1,0.498,0.545,1.7,2.1,0.819,0.4,3.2,3.6,2.1,1,0.3,1.8,2.6,13.5
501,Brad Wanamaker\wanambr01,PG,29,BOS,36,0,9.5,1.4,2.9,0.476,0.4,1.1,0.41,0.9,1.8,0.515,0.552,0.7,0.8,0.857,0.1,1.1,1.1,1.6,0.3,0.1,0.5,0.9,3.9
502,T.J. Warren\warretj01,SF,25,PHO,43,36,31.6,6.9,14.2,0.486,1.8,4.2,0.428,5.1,10,0.51,0.549,2.3,2.9,0.815,0.7,3.3,4,1.5,1.2,0.7,1.2,2.8,18
503,Julian Washburn\washbju01,SF,27,MEM,18,3,14.1,0.9,2.7,0.333,0.3,1.3,0.208,0.6,1.3,0.458,0.385,0.2,0.2,0.75,0.4,1.8,2.3,0.8,0.7,0.1,0.4,0.9,2.2
504,Yuta Watanabe\watanyu01,SF,24,MEM,15,0,11.6,1,3.4,0.294,0.1,1.1,0.125,0.9,2.3,0.371,0.314,0.5,0.7,0.7,0.3,1.8,2.1,0.5,0.3,0.1,0.4,0.7,2.6
505,Thomas Welsh\welshth01,C,22,DEN,11,0,3.3,0.6,1.2,0.538,0.3,0.6,0.429,0.4,0.5,0.667,0.654,0.1,0.2,0.5,0,0.4,0.4,0.5,0,0,0.1,0.3,1.6
506,Russell Westbrook\westbru01,PG,30,OKC,73,73,36,8.6,20.2,0.428,1.6,5.6,0.29,7,14.5,0.481,0.468,4.1,6.2,0.656,1.5,9.6,11.1,10.7,1.9,0.5,4.5,3.4,22.9
507,Derrick White\whitede01,PG,24,SAS,67,55,25.8,3.9,8.1,0.479,0.7,2.1,0.338,3.2,6,0.529,0.523,1.4,1.8,0.772,0.5,3.2,3.7,3.9,1,0.7,1.4,2.2,9.9
508,Okaro White\whiteok01,PF,26,WAS,3,0,2,0,0.7,0,0,0.7,0,0,0,0,0,0,0,0,0.3,0.3,0.7,0,0,0,0,0,0
509,Hassan Whiteside\whiteha01,C,29,MIA,72,53,23.3,5.4,9.4,0.571,0,0.2,0.125,5.4,9.2,0.581,0.572,1.5,3.4,0.449,3.6,7.8,11.3,0.8,0.6,1.9,1.3,2.7,12.3
510,Andrew Wiggins\wiggian01,SF,23,MIN,73,73,34.8,6.8,16.6,0.412,1.6,4.8,0.339,5.2,11.8,0.441,0.461,2.8,4.1,0.699,1.1,3.7,4.8,2.5,1,0.7,1.9,2.1,18.1
511,Alan Williams\willial03,PF,26,BRK,5,0,5.2,1.6,2.6,0.615,0,0.2,0,1.6,2.4,0.667,0.615,0.4,0.8,0.5,0.8,3,3.8,0.6,0.2,0,0.2,0.4,3.6
512,C.J. Williams\willicj01,SG,28,MIN,15,0,8.5,1.1,2.3,0.486,0.3,1.1,0.313,0.8,1.3,0.632,0.557,0,0.1,0,0.1,0.5,0.5,0.8,0.4,0,0.3,1.1,2.6
513,Johnathan Williams\willijo04,C,23,LAL,24,0,15.5,2.7,4.6,0.591,0,0.1,0,2.7,4.5,0.602,0.591,1.1,2,0.563,2,2.1,4.1,0.5,0.3,0.3,0.7,2.6,6.5
514,Kenrich Williams\willike04,SF,24,NOP,46,29,23.5,2.3,6.1,0.384,1.1,3.4,0.333,1.2,2.7,0.447,0.477,0.3,0.4,0.684,1.2,3.6,4.8,1.8,1,0.4,0.8,2.1,6.1
515,Lou Williams\willilo02,SG,32,LAC,75,1,26.6,6.5,15.2,0.425,1.4,3.9,0.361,5.1,11.3,0.447,0.471,5.7,6.5,0.876,0.5,2.4,3,5.4,0.8,0.1,2.4,1.1,20
516,Marvin Williams\willima02,PF,32,CHO,75,75,28.4,3.7,8.7,0.422,1.9,5.1,0.366,1.8,3.6,0.5,0.529,0.9,1.1,0.767,1,4.4,5.4,1.2,0.9,0.8,0.6,2.1,10.1
517,Robert Williams\williro04,C,21,BOS,32,2,8.8,1.1,1.6,0.706,0,0,0,1.1,1.6,0.706,0.706,0.3,0.5,0.6,0.8,1.7,2.5,0.2,0.3,1.3,0.3,1.1,2.5
518,Troy Williams\willitr02,SF,24,SAC,21,0,14.9,2.1,4.7,0.449,0.7,2.1,0.318,1.4,2.6,0.556,0.52,0.4,0.7,0.6,0.6,2.2,2.8,0.5,0.5,0.4,0.4,1.8,5.3
519,D.J. Wilson\wilsodj01,PF,22,MIL,48,3,18.4,2.2,5.2,0.414,1,2.6,0.362,1.2,2.6,0.468,0.506,0.5,1,0.553,0.9,3.7,4.6,1.1,0.4,0.4,0.7,1.8,5.8
520,Justise Winslow\winslju01,SF,22,MIA,66,52,29.7,4.9,11.3,0.433,1.5,3.9,0.375,3.5,7.5,0.462,0.497,1.3,2.1,0.628,1,4.4,5.4,4.3,1.1,0.3,2.2,2.7,12.6
521,Christian Wood\woodch01,PF,23,TOT,42.0,4.0,11.980952380952381,2.8904761904761904,5.578571428571428,0.5105952380952381,0.41428571428571426,1.2190476190476192,0.41319047619047616,2.4952380952380957,4.309523809523809,0.5402142857142858,0.5547619047619048,1.9904761904761903,2.6928571428571426,0.716452380952381,0.7976190476190477,3.1214285714285714,3.9690476190476187,0.41428571428571426,0.32142857142857145,0.49761904761904757,0.8047619047619049,0.8047619047619049,8.185714285714285
522,Delon Wright\wrighde01,PG,26,TOT,150.0,26.0,22.666666666666668,3.2119999999999997,7.428,0.43367333333333336,0.6846666666666666,2.208,0.30215333333333333,2.5946666666666665,5.187333333333333,0.4902,0.47924666666666665,1.5926666666666667,1.9813333333333332,0.8089866666666667,0.902,2.6333333333333333,3.535333333333333,3.2873333333333337,1.1713333333333333,0.402,1.0213333333333332,1.3886666666666667,8.718666666666666
523,Guerschon Yabusele\yabusgu01,PF,23,BOS,41,1,6.1,0.9,1.9,0.455,0.2,0.7,0.321,0.6,1.2,0.531,0.513,0.4,0.5,0.682,0.6,0.7,1.3,0.4,0.2,0.2,0.4,0.8,2.3
524,Nick Young\youngni01,SG,33,DEN,4,0,9.3,0.8,2.3,0.333,0.8,2,0.375,0,0.3,0,0.5,0,0,0,0,0.3,0.3,0.5,0,0.3,0.5,1,2.3
525,Thaddeus Young\youngth01,PF,30,IND,81,81,30.7,5.5,10.4,0.527,0.6,1.8,0.349,4.8,8.6,0.564,0.557,1.1,1.7,0.644,2.4,4.1,6.5,2.5,1.5,0.4,1.5,2.4,12.6
526,Trae Young\youngtr01,PG,20,ATL,81,81,30.9,6.5,15.5,0.418,1.9,6,0.324,4.6,9.6,0.477,0.48,4.2,5.1,0.829,0.8,2.9,3.7,8.1,0.9,0.2,3.8,1.7,19.1
527,Cody Zeller\zelleco01,C,26,CHO,49,47,25.4,3.9,7,0.551,0.1,0.4,0.273,3.8,6.6,0.57,0.559,2.3,2.9,0.787,2.2,4.6,6.8,2.1,0.8,0.8,1.3,3.3,10.1
528,Tyler Zeller\zellety01,C,29,TOT,12.0,2.0,15.5,2.6833333333333336,5.0,0.45683333333333337,0.0,0.18333333333333335,0.0,2.6833333333333336,4.816666666666666,0.4663333333333333,0.45683333333333337,2.3166666666666664,3.0,0.6483333333333333,1.8333333333333333,2.2,4.0,0.6999999999999998,0.20000000000000004,0.5166666666666667,0.6833333333333332,3.3166666666666664,7.683333333333334
529,Ante Zizic\zizican01,C,22,CLE,59,25,18.3,3.1,5.6,0.553,0,0,0,3.1,5.6,0.553,0.553,1.6,2.2,0.705,1.8,3.6,5.4,0.9,0.2,0.4,1,1.9,7.8
530,Ivica Zubac\zubaciv01,C,21,TOT,118.0,74.0,17.6135593220339,3.5881355932203394,6.408474576271187,0.5602457627118643,0.0,0.0,0.0,3.5881355932203394,6.408474576271187,0.5602457627118643,0.5602457627118643,1.7,2.1161016949152542,0.804135593220339,1.9042372881355931,4.190677966101695,6.116949152542373,1.1042372881355933,0.21610169491525424,0.8720338983050848,1.1881355932203388,2.3161016949152544,8.898305084745763
